Date,Close,High,Low,Open,Volume
,PETR4.SA,PETR4.SA,PETR4.SA,PETR4.SA,PETR4.SA
2015-01-02,2.494490146636963,2.6623885585489684,2.4918252861248287,2.6623885585489684,49559500
2015-01-05,2.2812857627868652,2.4491838989517785,2.2732904198005044,2.435858835626427,78385100
2015-01-06,2.2066640853881836,2.353242069324393,2.142702866486333,2.321261459873468,84723300
2015-01-07,2.310600757598877,2.326590931790578,2.2279840104109696,2.281285268807935,85531000
2015-01-08,2.459843397140503,2.502484451702709,2.329255882366549,2.3425811960322873,83306300
2015-01-09,2.5344650745391846,2.5344650745391846,2.3798920446244183,2.451848332404427,50813100
2015-01-12,2.3559067249298096,2.5531205718903704,2.342581410046692,2.470504077101679,58728900
2015-01-13,2.4225337505340576,2.502485408952342,2.358572525463156,2.371897590066774,65834800
2015-01-14,2.3745617866516113,2.387887100263012,2.302605499804796,2.366566700148458,55736500
2015-01-15,2.4811646938323975,2.5024850995533803,2.3639022082077075,2.398547931044126,80907800
2015-01-16,2.515810012817383,2.5664461640113,2.462509001686367,2.5211402410101194,56978300
2015-01-19,2.4438538551330566,2.5424607950675426,2.438523626626676,2.4918248950533464,30873100
2015-01-20,2.4811646938323975,2.6250775595286737,2.4385236282311475,2.558451228110781,72842900
2015-01-21,2.6384024620056152,2.643732690191295,2.483829402850659,2.5184751235797727,48003500
2015-01-22,2.726348400115967,2.787644735610698,2.6570572329886635,2.6917029436319124,74782400
2015-01-23,2.6597228050231934,2.7743201667768473,2.633072427187893,2.6943685249524205,43659400
2015-01-26,2.6197474002838135,2.657058238361658,2.574441473389034,2.6090871971414704,33202100
2015-01-27,2.7023637294769287,2.7636598241210515,2.5397953400726463,2.590431487452726,58750400
2015-01-28,2.4278628826141357,2.5424602283652784,2.3852220807046582,2.513144740592319,106337900
2015-01-29,2.310600757598877,2.419867879826031,2.222654037066815,2.411872792730181,111506300
2015-01-30,2.211993455886841,2.2226536549014613,2.153362234226833,2.185342831270694,87497200
2015-02-02,2.3425815105438232,2.3425815105438232,2.166688058186695,2.254634784365259,57585100
2015-02-03,2.657057046890259,2.6650521321220557,2.4012120320401746,2.4012120320401746,98061700
2015-02-04,2.6703832149505615,2.8729270488000167,2.5477907673831037,2.7450046274214133,117595000
2015-02-05,2.6197474002838135,2.7423398635004,2.5851016765313766,2.6277424891007475,78992700
2015-02-06,2.430527925491333,2.614416696069773,2.3639016109082616,2.611751582488237,117747100
2015-02-09,2.5051493644714355,2.523804905664544,2.3239259588984433,2.3452463595540896,72534200
2015-02-10,2.3745617866516113,2.6117515556250472,2.369231813702582,2.4571785277149214,75478700
2015-02-11,2.4198672771453857,2.449182758635153,2.347911002885348,2.3825564563918125,48681100
2015-02-12,2.518474817276001,2.5424603328758395,2.4705040402355616,2.4918244420666986,61706000
2015-02-13,2.6730480194091797,2.6917035627599213,2.574441091432488,2.5797713192924867,72282500
2015-02-18,2.675713300704956,2.7556649444911328,2.6677182125741195,2.707693907387573,42896700
2015-02-19,2.5877671241760254,2.6570585806060354,2.5717766903232064,2.654393465937345,38492400
2015-02-20,2.569110870361328,2.6384020467547376,2.53979512827255,2.6170816456861146,35272700
2015-02-23,2.5318002700805664,2.555785786988915,2.5024847795032796,2.545125585491788,41168500
2015-02-24,2.6384024620056152,2.6384024620056152,2.555785958401726,2.5717761346402286,48578000
2015-02-25,2.5051493644714355,2.5051493644714355,2.398547361193205,2.4251979890923745,96303900
2015-02-26,2.459843397140503,2.5371301655699408,2.4411881105040005,2.5051493111084815,44179900
2015-02-27,2.545125961303711,2.569111481753749,2.425198613212811,2.4784996285688456,46969600
2015-03-02,2.510479688644409,2.5877662075449592,2.4705039994114197,2.5158096619344983,38009000
2015-03-03,2.55045485496521,2.6117511872688532,2.5371297973923665,2.5824354506265617,42133600
2015-03-04,2.4705042839050293,2.5184750656768973,2.4545138538748983,2.5078148637098976,48308500
2015-03-05,2.4625086784362793,2.499819508409884,2.441188276782572,2.4811642205026994,52913800
2015-03-06,2.4651741981506348,2.4918248316862446,2.4438537929858577,2.45184888138283,27181900
2015-03-09,2.377227544784546,2.4465189910246434,2.3718973162310215,2.433193673800119,37625700
2015-03-10,2.270625591278076,2.3932178021994184,2.267960476912144,2.353242103347615,72090500
2015-03-11,2.329256057739258,2.3532415733116436,2.2866152541257887,2.3106007696981745,44035300
2015-03-12,2.2572999000549316,2.4198680370845316,2.2493045582802567,2.3905525463884816,63029900
2015-03-13,2.222654104232788,2.2359794192347047,2.1746830718895858,2.198668588061187,72933500
2015-03-16,2.2359797954559326,2.2652952900653167,2.1826785264799073,2.262630175784658,53380500
2015-03-17,2.361237049102783,2.3798925943737577,2.217324186140027,2.225319528752993,63896300
2015-03-18,2.4518487453460693,2.4758342633654657,2.3106010054265,2.358572041465293,65324600
2015-03-19,2.377227544784546,2.4598440540898814,2.3585722531657836,2.4465189910246434,42857200
2015-03-20,2.457179307937622,2.4918250326645572,2.3878878584837526,2.419868468810316,65339300
2015-03-23,2.486494541168213,2.515810033997253,2.4518488201015627,2.4784994529710693,34124600
2015-03-24,2.510479688644409,2.51847477565916,2.4571786849473454,2.497154374180335,36392400
2015-03-25,2.6117513179779053,2.6357368294641055,2.539794783519304,2.5717753807811734,84659600
2015-03-26,2.486494541168213,2.6543929182638526,2.4811645670898743,2.6437327159479045,58862000
2015-03-27,2.494490146636963,2.5611164884674733,2.4438542386758773,2.4784999669268615,51152500
2015-03-30,2.5877671241760254,2.598427328691464,2.510480577899268,2.5318009869301443,33372200
2015-03-31,2.5744404792785645,2.6437319000268173,2.523804597445114,2.5531200812266706,46908300
2015-04-01,2.7343451976776123,2.763660697314243,2.6304080103415637,2.6463984446083906,59374600
2015-04-02,2.8489420413970947,2.8569373847843864,2.7103593934216597,2.7103593934216597,69001800
2015-04-06,2.854271650314331,2.9288930599379235,2.846276562823044,2.878257166947441,45227600
2015-04-07,2.9102373123168945,2.9208975120112743,2.787644888751926,2.8249557147618587,61721500
2015-04-08,2.8169610500335693,3.0195051469671816,2.795640645531007,2.958209047562132,73904600
2015-04-09,3.0861315727233887,3.0914618010981774,2.819626253806624,2.8516068615775225,79280800
2015-04-10,3.1474273204803467,3.1794079220759075,3.0035144862207077,3.0701408030846,70021600
2015-04-13,3.270021438598633,3.3979439108946448,3.1714142151712577,3.190069766333946,104809600
2015-04-14,3.3206558227539062,3.39527723052387,3.1900682956166597,3.3766219421211896,87127100
2015-04-15,3.5551812648773193,3.5658414682768003,3.323321650319142,3.3846177563263313,103042800
2015-04-16,3.459237575531006,3.552514502628776,3.3366454203818603,3.5311941057194307,109852700
2015-04-17,3.4512431621551514,3.528529679538298,3.3366460699962137,3.3606313305695528,71274400
2015-04-20,3.483224630355835,3.5658413956383264,3.469899566997397,3.5258654430851366,52514600
2015-04-22,3.464569091796875,3.54185562290905,3.3739572441151653,3.51520498976998,65914800
2015-04-23,3.4299228191375732,3.5338599666844934,3.1687477746504036,3.2780148954729635,182613700
2015-04-24,3.523200035095215,3.6724428564423683,3.5072096057283937,3.515204693332178,106143700
2015-04-27,3.336646318435669,3.4965493382934385,3.3339812045648944,3.4512434191272585,53111300
2015-04-28,3.403273344039917,3.429923725781169,3.264690444011926,3.400608229618002,60884300
2015-04-29,3.416597604751587,3.4459133481833195,3.3393110837975244,3.3526363986156538,35821900
2015-04-30,3.4805595874786377,3.50454485276037,3.4112681433511134,3.4192632317783573,48515300
2015-05-04,3.6751084327697754,3.691098864148531,3.544520884120526,3.5471859983768663,55651100
2015-05-05,3.8456714153289795,3.8936421946919326,3.6431273339677315,3.651122421501682,76329800
2015-05-06,3.6751084327697754,3.9842545700452563,3.6164771899267163,3.9309535557148774,72197500
2015-05-07,3.640463352203369,3.7444005391047432,3.552516599501948,3.6777741958970407,44978900
2015-05-08,3.6004867553710938,3.755059812961096,3.560510806861031,3.741734496791075,43687900
2015-05-11,3.6697778701782227,3.6857680448345875,3.5791660332613415,3.6457923540344312,28040500
2015-05-12,3.6591176986694336,3.747064682737743,3.632467320788692,3.651122610721137,30765100
2015-05-13,3.7257437705993652,3.7657197159339235,3.6644476769093197,3.696428280681419,45346800
2015-05-14,3.7044239044189453,3.792370641065143,3.667113321695881,3.7577251725820933,49457700
2015-05-15,3.7417349815368652,3.7630553885072735,3.6271376034514455,3.709754371081252,54224100
2015-05-18,3.651123046875,3.90430306486223,3.6031522592954923,3.901638204667303,82200400
2015-05-19,3.435253143310547,3.621806788077555,3.408602513704157,3.611146587066847,70521100
2015-05-20,3.4219276905059814,3.496549094571564,3.365961573916987,3.400607289344386,43164900
2015-05-21,3.592491388320923,3.6031518445106046,3.4272581297698297,3.4272581297698297,53682900
2015-05-22,3.483224630355835,3.6377977035792006,3.443248931961937,3.6031522338561115,53753700
2015-05-25,3.4192633628845215,3.467234403605915,3.3899478680877184,3.459239060712824,24377600
2015-05-26,3.302000045776367,3.4272573267455133,3.294004705507456,3.411267154526101,44844200
2015-05-27,3.3419759273529053,3.373956527834845,3.2753496128090602,3.3313157271922593,47223300
2015-05-28,3.37129282951355,3.416598762755398,3.304666487000165,3.323322035732255,96419400
2015-05-29,3.2860097885131836,3.4059371029676875,3.2780147019920083,3.3872818163652054,75971600
2015-06-01,3.2940051555633545,3.3712916762746223,3.264689666382956,3.3126606979138256,40498000
2015-06-02,3.4325881004333496,3.451243389047686,3.3233209742763883,3.344641376738271,47041600
2015-06-03,3.408602237701416,3.4912189794641555,3.389946950983051,3.4539081518682058,90062100
2015-06-05,3.349971294403076,3.405937413471924,3.3099956039935745,3.352636408206174,36719100
2015-06-08,3.349971294403076,3.4032725538280673,3.323320918849822,3.3606314954562264,23667600
2015-06-09,3.464569091796875,3.50987501563773,3.3499717251218573,3.3606319275456302,88228800
2015-06-10,3.4858896732330322,3.581831499907224,3.443248861377836,3.5445209166135707,45583600
2015-06-11,3.4912195205688477,3.5018797223686,3.4245931957805813,3.499214608378847,35341600
2015-06-12,3.4698989391326904,3.4752289126797695,3.419262792559589,3.4272578799598303,30067700
2015-06-15,3.467233896255493,3.4885542991987397,3.4379181515890913,3.45657369478387,31713200
2015-06-16,3.565840721130371,3.5924910969654023,3.440583166812069,3.475228884140929,49988000
2015-06-17,3.5018787384033203,3.621806038492922,3.4965485119215134,3.5978205276431643,40920200
2015-06-18,3.5844967365264893,3.5844967365264897,3.5045450844896116,3.539190808844235,26832100
2015-06-19,3.504544734954834,3.5818312649116097,3.4912196727437763,3.547185798171736,36247800
2015-06-22,3.5098748207092285,3.5631758298679084,3.499214618877493,3.5445205402021855,22567300
2015-06-23,3.4565744400024414,3.5791669104359998,3.4512442110378356,3.5365260953563804,48007400
2015-06-24,3.523200035095215,3.557845753590617,3.477894115075016,3.480559228996028,39613200
2015-06-25,3.357966899871826,3.5285301301347562,3.33664649608896,3.525865016122083,48369000
2015-06-26,3.5205347537994385,3.520534753799439,3.3686268257533443,3.3739567991827166,34536800
2015-06-29,3.424593210220337,3.6218070714269324,3.363296858993862,3.46456890359815,63175500
2015-06-30,3.3819525241851807,3.46190417397721,3.3712923211568624,3.4379186536236723,32876500
2015-07-01,3.24070405960083,3.424592839198401,3.2007283705540015,3.4112675247963806,62627200
2015-07-02,3.2913401126861572,3.3393108873869566,3.2407039701874147,3.2913401126861572,37421500
2015-07-03,3.1341021060943604,3.28068005869516,3.1127817043516153,3.264689630308483,31574500
2015-07-06,3.0674755573272705,3.1261065306482196,3.0061792162890923,3.0674755573272705,51206800
2015-07-07,3.1367666721343994,3.1580870701543438,2.8835865008689754,3.0274993145831948,72452800
2015-07-08,3.0541505813598633,3.195398311480837,3.019504863752974,3.096791386365497,44001500
2015-07-10,3.1474273204803467,3.192732982121303,3.1314368926029514,3.1714125810575955,30885900
2015-07-13,3.142096996307373,3.1794078240986976,3.086130881699996,3.163417396714067,29585400
2015-07-14,3.1953988075256348,3.21938432760456,3.0861316641965595,3.1154471586489767,37058500
2015-07-15,3.139432430267334,3.214054098864801,3.123442254253066,3.187403466628668,33375100
2015-07-16,3.1953988075256348,3.1953988075256343,3.1500928816341713,3.1687484273396054,26442500
2015-07-17,3.040825366973877,3.1714129001687574,3.0354953932512565,3.150092496959767,39929900
2015-07-20,2.8755924701690674,3.075471465558463,2.8649322672480046,3.0541510597163373,48763200
2015-07-21,2.8596019744873047,2.995519749297901,2.824956506391377,2.9075730136344045,40357600
2015-07-22,2.7609949111938477,2.8569369851462065,2.7529998230842403,2.8276212384788666,30155200
2015-07-23,2.697033166885376,2.8142956221442987,2.697033166885376,2.723683794214918,50696500
2015-07-24,2.6730480194091797,2.726349027212898,2.601091722413974,2.7103588519514092,45143700
2015-07-27,2.5318002700805664,2.6623878019601857,2.5318002700805664,2.654392714377153,54768800
2015-07-28,2.6703832149505615,2.7236842238583128,2.561115828990598,2.5824362325536985,72306100
2015-07-29,2.851606845855713,2.8702623909053413,2.641067655238609,2.6677182886470634,88194700
2015-07-30,2.776984930038452,2.912902678555853,2.729013900171315,2.8862520499276143,47498400
2015-07-31,2.795640707015991,2.8516068336059073,2.7503347829118083,2.7929755928547393,37462200
2015-08-03,2.6730480194091797,2.774320061315871,2.6517276162876926,2.760994745825128,41499600
2015-08-04,2.7076938152313232,2.784980342290354,2.6917036395138747,2.702363841378594,30786900
2015-08-05,2.6677184104919434,2.8116312783202377,2.6677184104919434,2.774320440676129,43759700
2015-08-06,2.7556653022766113,2.768990620330963,2.5957619939429994,2.6277426047778616,60293400
2015-08-07,2.5824358463287354,2.811630531592965,2.5797709869013437,2.7316789031091457,65832700
2015-08-10,2.6623880863189697,2.673048288954669,2.550455831564483,2.6144173015379604,51017800
2015-08-11,2.6597228050231934,2.6597228050231934,2.523805293496857,2.6090869092246387,45648700
2015-08-12,2.6170811653137207,2.667717299176721,2.577105484187506,2.6117511931045105,40039100
2015-08-13,2.5318002700805664,2.657057828291248,2.5318002700805664,2.6410673989659315,31405700
2015-08-14,2.4784996509552,2.5797717081260214,2.4784996509551998,2.5611161619634415,28018600
2015-08-17,2.438523292541504,2.4944894133945508,2.4305282050365684,2.4518486078225625,33125100
2015-08-18,2.3958821296691895,2.451848242175953,2.3505762169656563,2.4145376699442513,38013600
2015-08-19,2.329256057739258,2.411872805359782,2.2999405687948076,2.385222176021745,37036000
2015-08-20,2.3159306049346924,2.3878871473599435,2.2812851446846336,2.3026055452196954,38857700
2015-08-21,2.211993455886841,2.3026052745907095,2.2093283425933876,2.291945075576089,39848800
2015-08-24,2.102726936340332,2.177348481753261,2.006785112768959,2.068081341368267,70881000
2015-08-25,2.092066764831543,2.193338691218409,2.092066764831543,2.158693222810785,58283200
2015-08-26,2.1666879653930664,2.1666879653930664,2.0920664307854984,2.150697536700314,43893300
2015-08-27,2.377227544784546,2.379892659061308,2.19333872623654,2.1986689547900644,66820200
2015-08-28,2.4038784503936768,2.5024854023232694,2.2946110401545248,2.3106014734595495,77260900
2015-08-31,2.4491829872131348,2.475833612261397,2.2706247143628895,2.3212605969635507,76576400
2015-09-01,2.289280414581299,2.4225330556706943,2.2759550996405107,2.3319212190644265,52756400
2015-09-02,2.350576162338257,2.3559063891956034,2.2199886542437324,2.3319208766559547,56050600
2015-09-03,2.3345863819122314,2.4545137105793895,2.275955147437016,2.3798923011668185,56645400
2015-09-04,2.2679603099823,2.3345866392709036,2.2679603099823,2.291945829191681,35463400
2015-09-08,2.302605390548706,2.3425810753268888,2.28661496414191,2.318595562796297,29383000
2015-09-09,2.2359797954559326,2.3718973196987934,2.2279844526139567,2.3479120536507265,38706300
2015-09-10,2.1240475177764893,2.1720184335415516,2.081406703763101,2.1053922251854567,62858700
2015-09-11,2.0414304733276367,2.1293771983758014,2.0227751844262833,2.116052010171924,53647300
2015-09-14,2.057420492172241,2.084071119070218,1.9881291926444802,2.052090392208567,52851400
2015-09-15,2.0387651920318604,2.0973962912352007,2.0094495788903872,2.0387651920318604,35102900
2015-09-16,2.1693527698516846,2.196003141660269,2.0627505201397303,2.070745733345988,66613400
2015-09-17,2.094731569290161,2.1613577632572265,2.094731569290161,2.1453675885351986,72887600
2015-09-18,2.025440216064453,2.0680811496676603,1.9987897119872158,2.0654160357201232,68097000
2015-09-21,1.945488691329956,2.046760606172629,1.9454886913299558,2.0414305053914354,41063600
2015-09-22,1.8575416803359985,1.9294980983213617,1.8149008777015954,1.9294980983213617,66720700
2015-09-23,1.81756591796875,1.9081776199057627,1.7855851902054876,1.8548766187663435,64774800
2015-09-24,1.8548767566680908,1.9028476612599894,1.7589348204046737,1.7615999341995894,56577300
2015-09-25,1.81756591796875,1.9241679202475885,1.8042406041440897,1.8975174196778788,44843100
2015-09-28,1.7162940502166748,1.7989106732962827,1.7162940502166748,1.796245559448736,37466900
2015-09-29,1.7562698125839233,1.8095708170455036,1.7322842970364027,1.742944497928719,52387600
2015-09-30,1.929498314857483,1.934828542864579,1.857541888796878,1.932163428861031,107779500
2015-10-01,1.8708674907684326,1.9881298561853284,1.8628722746147046,1.9481540295759878,69296500
2015-10-02,2.0707461833953857,2.0867364862035798,1.838886602057128,1.8628719927296038,88891400
2015-10-05,2.0840718746185303,2.1693536320345137,2.065416454442631,2.1053922822026125,68350300
2015-10-06,2.182678699493408,2.2226546543941845,2.0894019797102104,2.094732081614383,81259300
2015-10-07,2.2572999000549316,2.3718970030734927,2.2039988923533618,2.2679601015952455,116610600
2015-10-08,2.3319218158721924,2.355907338072367,2.206664230026451,2.254635274426801,68670000
2015-10-09,2.3452467918395996,2.4172030937758797,2.28661555214981,2.403878031529389,71885200
2015-10-13,2.1666879653930664,2.257299801613766,2.150697536700314,2.227984058036927,56100600
2015-10-14,2.121381998062134,2.193338290111876,2.1027265830731823,2.1506974867995496,75339100
2015-10-15,2.1320419311523438,2.1506972167189815,2.044095221825046,2.1320419311523438,61444100
2015-10-16,2.1187171936035156,2.1533629148921376,2.08140648525865,2.129377395987763,42963800
2015-10-19,2.1187171936035156,2.121382307739396,2.068081295818159,2.1053920041630247,40096200
2015-10-20,2.1453680992126465,2.1826786852181828,2.1240475646557426,2.132042780999538,47938700
2015-10-21,2.065415620803833,2.148032357466036,2.0547554213144394,2.118716618250801,45394400
2015-10-22,2.1373727321624756,2.161357996837632,2.0814064791889293,2.0840715933170375,46174500
2015-10-23,2.1293773651123047,2.2066638948172796,2.116052175865026,2.201333920782076,45715300
2015-10-26,2.092066764831543,2.166688311354138,2.078741574899407,2.1453679057990085,35069500
2015-10-27,2.025440216064453,2.0947316537448977,2.012115027565648,2.0947316537448977,44085700
2015-10-28,2.1187171936035156,2.1187171936035156,2.0947318017787775,2.097396788835021,4630900
2015-10-29,2.0281054973602295,2.113387117444365,2.0174452948497126,2.0174452948497126,41336300
2015-10-30,2.054755926132202,2.073411343361753,2.009450003631602,2.0254403067942315,36951300
2015-11-03,2.25996470451355,2.25996470451355,2.0707460682638206,2.089401484042638,60306200
2015-11-04,2.153362989425659,2.305270942198933,2.137372812375463,2.2866156509206097,55661500
2015-11-05,2.161358118057251,2.1773485495634497,2.0973969003510278,2.1533630293837946,92690300
2015-11-06,2.0840718746185303,2.1533631992667988,2.0600863525466107,2.142702995474757,39680600
2015-11-09,2.1080570220947266,2.1133871233649173,2.0227754017716792,2.086736617013965,36340400
2015-11-10,2.0281054973602295,2.0494259023812633,2.001454991083937,2.025440383192781,34554300
2015-11-11,2.057420492172241,2.086736105512251,2.0361000923175454,2.0547555057302076,44596400
2015-11-12,2.0201101303100586,2.0627509371515496,2.0067849417119072,2.0574208362963633,41641400
2015-11-13,1.9374936819076538,2.014780214963751,1.9268334792157538,1.9987899109259004,67000600
2015-11-16,2.052090883255005,2.052090883255005,1.9481538455523848,1.9481538455523848,56587800
2015-11-17,2.0680813789367676,2.094731885968501,2.0361006434190463,2.078741581749461,52072800
2015-11-18,2.0840718746185303,2.1400378809869203,2.0760766582346726,2.0814067601306934,38137700
2015-11-19,2.0894012451171875,2.126711945328678,2.0307700177052372,2.121381845298465,51878600
2015-11-23,2.153362989425659,2.1586932178819125,2.0920667600547964,2.105392077036148,47415800
2015-11-24,2.2652947902679443,2.2652947902679443,2.11871684124229,2.145367469850311,63001700
2015-11-25,2.10539174079895,2.2253191932394265,2.10539174079895,2.206663650781166,54732800
2015-11-26,2.1107218265533447,2.142702429481821,2.084071324112948,2.118716913745654,21697100
2015-11-27,2.025440216064453,2.0947316537448977,2.017445128381096,2.0814063381664654,38334200
2015-11-30,2.044095754623413,2.089401677802232,1.9774694269085933,2.0094500337125942,72764300
2015-12-01,1.9961246252059937,2.0680811778132706,1.9854644234300185,2.0440956602775118,35865600
2015-12-02,2.004119634628296,2.022775049363634,1.9588137181850585,2.009449734969876,47713500
2015-12-03,2.1267120838165283,2.177348100940686,2.076076066692371,2.12937707046537,76680900
2015-12-04,2.004119634628296,2.1240469558536526,1.9774691329203964,2.1240469558536526,63662600
2015-12-07,1.9161732196807861,2.028105471704921,1.9055130173051196,2.025440357571186,47395000
2015-12-08,1.9001827239990234,1.918838012730476,1.8522116910790063,1.918838012730476,46590500
2015-12-09,2.0387651920318604,2.0840711049560627,1.937493166328303,1.9561485796146234,82102800
2015-12-10,1.9854650497436523,2.0174457922395117,1.9481543317580978,2.0014554845314168,43458400
2015-12-11,1.9321635961532593,2.0067851426783583,1.921503393375337,1.9348287103875608,50750600
2015-12-14,1.9215033054351807,1.9268334065802029,1.8841925974200262,1.9055130020001145,33538000
2015-12-15,1.9774696826934814,1.9907948737122723,1.9454890717528013,1.9561492753996947,34188900
2015-12-16,1.9428234100341797,1.9614788247010908,1.8895224068138847,1.9401584234129727,39840300
2015-12-17,1.9188380241394043,2.0041197621090134,1.9161730373389043,1.9588138427838968,43789300
2015-12-18,1.8708674907684326,1.8921878977388409,1.844216982055422,1.8708674907684324,60061600
2015-12-21,1.7695949077606201,1.889522352156627,1.7642648075927718,1.8815271383650483,54032100
2015-12-22,1.8095710277557373,1.8175662428957633,1.7642651051480682,1.8015759396953448,40463400
2015-12-23,1.8468818664550781,1.876197487945374,1.8308915621184554,1.8415517650095372,38789700
2015-12-28,1.7855851650238037,1.8388862924911407,1.7722599784666762,1.8388862924911407,28617600
2015-12-29,1.7829203605651855,1.8308912658115613,1.7802552467339094,1.8149009640627694,22441300
2015-12-30,1.7855851650238037,1.801575592219731,1.7376142646748485,1.7749249649462582,30041600
2016-01-04,1.830891728401184,1.8735326709178304,1.7456100975271995,1.7509401994568237,45962100
2016-01-05,1.7802551984786987,1.865536932573582,1.7642648971633363,1.8442165308197658,29446700
2016-01-06,1.7056336402893066,1.7429443400323719,1.7056336402893066,1.7402793535905279,67507200
2016-01-07,1.6683231592178345,1.7136289513043905,1.62035212618088,1.649667743361283,57387900
2016-01-08,1.6709879636764526,1.7189588643993619,1.6336772631141903,1.7003035776580355,52100300
2016-01-11,1.623017430305481,1.6789835573559901,1.6123572277320164,1.6709883418860723,51334000
2016-01-12,1.4737745523452759,1.6310126129281939,1.4684444507505947,1.6310126129281939,81627800
2016-01-13,1.4044828414916992,1.5297402690472908,1.399152740895283,1.5190800678544585,70874300
2016-01-14,1.5164152383804321,1.5164152383804324,1.3671722791215015,1.4151431894648465,76854200
2016-01-15,1.3778326511383057,1.4497890890565708,1.3751675366955751,1.4258035673905987,75571500
2016-01-18,1.2792255878448486,1.3884927284658906,1.2792255878448486,1.3831626271448552,46407200
2016-01-19,1.2419145107269287,1.3458516569545171,1.2365844104393304,1.3405215566669189,66529300
2016-01-20,1.1806185245513916,1.1992739427427266,1.1353127267946748,1.1992739427427266,92914100
2016-01-21,1.199273943901062,1.2445798687811778,1.1619632345619948,1.164628221689251,87455300
2016-01-22,1.1752880811691284,1.2712300042481193,1.1726230948200578,1.2605698046926317,100576600
2016-01-26,1.1193222999572754,1.1486379209173854,1.098001894560701,1.127317515520811,71933300
2016-01-27,1.2179290056228638,1.2365842912921796,1.1086617696357746,1.124652068957875,79437900
2016-01-28,1.2259243726730347,1.3671722396722354,1.159298046689939,1.2445797896969688,131960900
2016-01-29,1.2898858785629272,1.2952159802479126,1.204604124523514,1.252575039688382,93013900
2016-02-01,1.2579050064086914,1.2952158412800374,1.2419147030693867,1.2632351075217931,51910300
2016-02-02,1.1459728479385376,1.2392496781010627,1.1459728479385376,1.2152641602868361,53610300
2016-02-03,1.1966084241867065,1.204603637018332,1.1246520170204635,1.1779531393789082,73786400
2016-02-04,1.2605699300765991,1.3165360468494414,1.1619630108404926,1.2152640139195732,91974200
2016-02-05,1.2099336385726929,1.2738949548076843,1.2072686525643441,1.2605696435271818,52704500
2016-02-10,1.1486377716064453,1.1752882748878755,1.140642684161828,1.145972784818114,45747400
2016-02-11,1.1273175477981567,1.1379777508016669,1.0980019259986824,1.1193223320057024,59451500
2016-02-12,1.1859487295150757,1.2019391619790596,1.1459730295940682,1.1646283223359648,64027200
2016-02-15,1.2179290056228638,1.2259240917441128,1.204603692647979,1.215263892196046,28490400
2016-02-16,1.1832835674285889,1.2365845775057014,1.1779534664208775,1.1992738704517225,80343900
2016-02-17,1.2472450733184814,1.284555916240924,1.2019392676206502,1.2099343574757007,84473100
2016-02-18,1.2232593297958374,1.297880740321116,1.2125991282922262,1.2499098335548655,65026900
2016-02-19,1.188613772392273,1.2179293940384406,1.1726234679706296,1.1992739753400352,56031000
2016-02-22,1.3431864976882935,1.3431864976882935,1.23391938196083,1.24457958217426,80150300
2016-02-23,1.311206340789795,1.407148302259199,1.2845558312370864,1.3192014301157806,85037400
2016-02-24,1.29788076877594,1.3138710713819293,1.239249659220646,1.2712302644326245,75039700
2016-02-25,1.3032108545303345,1.3538468757351863,1.2765603504961038,1.28189045130295,70393700
2016-02-26,1.29788076877594,1.3591769923053802,1.2872205670386139,1.3378565888307277,61396800
2016-02-29,1.3698372840881348,1.3938228031136066,1.327196474335862,1.3538469804310322,84165000
2016-03-01,1.4151428937911987,1.4311331938980385,1.3591767798774557,1.415142893791199,80939200
2016-03-02,1.505754828453064,1.5057548284530637,1.3725021910161488,1.3884924922590245,88545800
2016-03-03,1.7509393692016602,1.7509393692016604,1.7509393692016604,1.7509393692016604,186772500
2016-03-04,1.9241681098937988,2.1053917857884707,1.750939775577478,1.750939775577478,175922100
2016-03-07,1.9641437530517578,2.0067846814425745,1.8522115225302322,1.9321631520683538,85041400
2016-03-08,1.9907944202423096,2.0894014721344987,1.8868573948204053,1.9641439171956192,137169400
2016-03-09,2.025440216064453,2.073411250483108,1.9614790062790834,2.0520907201416905,84821900
2016-03-10,2.1187171936035156,2.121382307739396,1.9481538283759225,2.0787414982024064,117672300
2016-03-11,2.1560282707214355,2.190673995893886,2.044096006059458,2.1160524437593504,92331300
2016-03-14,1.972139596939087,2.185343798693799,1.9721395969390871,2.1666885056995575,86084700
2016-03-15,1.7616000175476074,1.8548768444293915,1.7482747021017984,1.8202311259339892,104913200
2016-03-16,1.9268330335617065,1.9268330335617063,1.7082986747629236,1.7349493024083347,85533000
2016-03-17,2.1586925983428955,2.1826778570344847,2.0547554607091736,2.172017657340709,118294200
2016-03-18,2.164022445678711,2.177347758063369,2.0574203278402394,2.1560273599115938,77182400
2016-03-21,2.1480329036712646,2.2039990287615376,2.1133870559015313,2.153362877691674,65837300
2016-03-22,2.161358118057251,2.180013663841031,2.060086190022398,2.0920667988755093,84549700
2016-03-23,2.073410987854004,2.1213818891167855,2.0414302599325382,2.100061488555549,61437900
2016-03-24,2.081406354904175,2.1320423765979313,1.9508188203357735,2.0067849428878395,52343300
2016-03-28,2.24930477142334,2.2599649739738092,2.1080570240897956,2.1720182393926146,69818700
2016-03-29,2.262629747390747,2.3585718100550186,2.1826781132236004,2.222654057386793,89050200
2016-03-30,2.24930477142334,2.3985478612891935,2.2066639612214605,2.3185962150810315,90059600
2016-03-31,2.2146592140197754,2.2146592140197754,2.2146592140197754,2.2146592140197754,737700
2016-04-01,2.2279841899871826,2.2279841899871826,2.2279841899871826,2.2279841899871826,374500
2016-04-04,2.0094499588012695,2.0094499588012695,2.0094499588012695,2.0094499588012695,865300
2016-04-05,2.0787415504455566,2.0787415504455566,2.0787415504455566,2.0787415504455566,684100
2016-04-06,2.0201101303100586,2.0201101303100586,2.0201101303100586,2.0201101303100586,457400
2016-04-07,2.052090883255005,2.052090883255005,2.052090883255005,2.052090883255005,324800
2016-04-08,2.201333999633789,2.222654404856839,2.142702758190762,2.166688277606513,84448200
2016-04-11,2.2359797954559326,2.2359797954559326,2.2359797954559326,2.2359797954559326,449600
2016-04-12,2.409207820892334,2.409207820892334,2.409207820892334,2.409207820892334,648900
2016-04-13,2.52913498878479,2.52913498878479,2.52913498878479,2.52913498878479,782300
2016-04-14,2.441187620162964,2.6037559567446285,2.4305274222034425,2.593095504625939,77355500
2016-04-15,2.5824358463287354,2.6197466740636433,2.4172026163470934,2.465173644269229,95590000
2016-04-18,2.4625086784362793,2.590431342517757,2.36923198474112,2.5717758004513365,88873100
2016-04-19,2.5611159801483154,2.5611159801483154,2.5611159801483154,2.5611159801483154,370500
2016-04-20,2.52647066116333,2.569111731756897,2.4891600738630157,2.5051502529462035,53295800
2016-04-22,2.5984272956848145,2.6463983424745936,2.4758348182348504,2.48382990798004,63322900
2016-04-25,2.486494541168213,2.6384024877102945,2.486494541168213,2.5877665902493576,56585400
2016-04-26,2.577106475830078,2.595761766979441,2.489159740184111,2.526470322482836,40460400
2016-04-27,2.7316792011260986,2.7450045163536854,2.603756784923462,2.6250771876239014,86397900
2016-04-28,2.726348400115967,2.808965133828206,2.6863727169979383,2.726348400115967,57741500
2016-04-29,2.726348400115967,2.808965133828206,2.6677174320974175,2.726348400115967,53931300
2016-05-02,2.7103588581085205,2.7609947520972686,2.646397648598758,2.731679261278441,48618800
2016-05-03,2.606421709060669,2.689038462186225,2.5877664197765213,2.6677180589588403,47074700
2016-05-04,2.6437318325042725,2.7050279117981306,2.625076548225131,2.625076548225131,43389500
2016-05-05,2.6144168376922607,2.7450043603507703,2.5584507202444375,2.7396741328989616,65074500
2016-05-06,2.686372995376587,2.6996983091831797,2.5531203656291006,2.5664456794356934,45330900
2016-05-09,2.52647066116333,2.6783788874094996,2.355907395426317,2.6677186833009365,94688100
2016-05-10,2.7210185527801514,2.721018552780151,2.59043104415243,2.617081416070361,53055800
2016-05-11,2.7316792011260986,2.798305523104784,2.6623877652700463,2.768990032931492,74542300
2016-05-12,2.6090869903564453,2.7903106835725513,2.6090869903564453,2.7716551389325415,67229100
2016-05-13,2.5211398601531982,2.681043123549671,2.502484572615328,2.6463974080084607,70472200
2016-05-16,2.5984272956848145,2.6250779337145405,2.5371311840394926,2.5451262737846823,61487700
2016-05-17,2.5318002700805664,2.6330723113828993,2.5211400685834393,2.6197469959716773,46379500
2016-05-18,2.4838290214538574,2.571775739739036,2.470503961354284,2.4811641619294806,51929100
2016-05-19,2.3878870010375977,2.465173511781124,2.3052702634073143,2.465173511781124,75430200
2016-05-20,2.3718974590301514,2.5211405634432293,2.3718974590301514,2.451849113031468,65173100
2016-05-23,2.2652947902679443,2.3106007064060416,2.2439743890452197,2.2786201045719547,51330000
2016-05-24,2.2732903957366943,2.3585722742400885,2.251969989650668,2.315931207908747,44823400
2016-05-25,2.310600757598877,2.3825570497800026,2.2892803559037853,2.3132658713505725,45512600
2016-05-27,2.193338394165039,2.2839502325820256,2.193338394165039,2.2652949437876746,47488600
2016-05-30,2.233314275741577,2.297275481910208,2.148032667516736,2.1800132706010515,32281900
2016-05-31,2.142702102661133,2.283949807590907,2.142702102661133,2.2279836974626264,58662600
2016-06-01,2.180013418197632,2.1986687077200515,2.094731677119218,2.156027900720659,45884400
2016-06-02,2.21732497215271,2.241310500175605,2.1400384119452536,2.1826792376929025,52835100
2016-06-03,2.283950090408325,2.310600719163492,2.251969488397665,2.2679599164826114,45595300
2016-06-06,2.2546350955963135,2.3399167196243935,2.251969981305614,2.3185963136173737,37117600
2016-06-07,2.2972755432128906,2.3239261735739447,2.235979449205413,2.24397453665003,34401600
2016-06-08,2.5024850368499756,2.507815011067029,2.3452468579780956,2.3452468579780956,77194700
2016-06-09,2.446518659591675,2.499819667109731,2.411872941165125,2.4731690362710768,46539900
2016-06-10,2.339916467666626,2.3958825909485495,2.339916467666626,2.3905526171003597,38859900
2016-06-13,2.2972755432128906,2.355906777511661,2.270625167011084,2.2866153419003186,37094100
2016-06-14,2.211993455886841,2.337250984928023,2.198668143578767,2.291945075576089,66180300
2016-06-15,2.2679603099823,2.315931094241787,2.2039990948634665,2.2119941832135015,84556900
2016-06-16,2.2652947902679443,2.2759549908793066,2.2066635598258366,2.2413092753525716,46834500
2016-06-17,2.3852219581604004,2.3852219581604004,2.3265907314675194,2.3319209585119696,63144100
2016-06-20,2.446518659591675,2.497154553194015,2.430528230256632,2.457178861095286,63791500
2016-06-21,2.539794921875,2.5424600353318034,2.382556786152512,2.422532725526939,53703900
2016-06-22,2.4891602993011475,2.5984274648498524,2.4891602993011475,2.5611166200110573,61983000
2016-06-23,2.577106475830078,2.5851015642999076,2.534465665111946,2.555786070471012,48031300
2016-06-24,2.4651741981506348,2.4864946033154114,2.377227463306111,2.398547868470888,75974900
2016-06-27,2.339916467666626,2.4891595478048423,2.339916467666626,2.457178942237923,58818400
2016-06-28,2.4518487453460693,2.473169149327919,2.417203025335748,2.425198367448389,45291700
2016-06-29,2.5318002700805664,2.5504555591607256,2.4838292362638685,2.5131449810004067,56093600
2016-06-30,2.510479688644409,2.5291349763985727,2.462508658237435,2.510479688644409,43741300
2016-07-01,2.6170811653137207,2.6250765048663096,2.4971538677758938,2.526469350324506,49290800
2016-07-04,2.6304078102111816,2.6783788552025314,2.6090874022504287,2.6517282181719346,24505100
2016-07-05,2.4758341312408447,2.5771061718298087,2.4598437020281665,2.5717759440391657,69691200
2016-07-06,2.5318002700805664,2.537130497908756,2.3852223088756306,2.422533141195201,68781500
2016-07-07,2.54779052734375,2.659722508424759,2.5371303265665475,2.574440902207139,81610300
2016-07-08,2.62241268157959,2.6490630640526445,2.5771067518001582,2.625077796074687,42647600
2016-07-11,2.7609949111938477,2.763660025283473,2.6597228632215066,2.665053091400757,66717300
2016-07-12,2.8382821083068848,2.878258066576716,2.819626813609894,2.8276219036001287,58174200
2016-07-13,2.832951307296753,2.8329513072967534,2.721019063421679,2.7903105008984874,64252100
2016-07-14,2.912903308868408,2.9262283719066584,2.8409467484972843,2.910238194597044,53059500
2016-07-15,2.9368884563446045,2.947548657918155,2.883587194317598,2.9075727113978997,51223500
2016-07-18,3.0781362056732178,3.1287720998535233,2.896912523884063,2.9235631550269114,77358900
2016-07-19,3.139432430267334,3.1900685806841342,3.064811015829132,3.0674761298845983,53692000
2016-07-20,3.150092840194702,3.1714132457267694,3.075471420832466,3.150092840194702,49261200
2016-07-21,3.158087968826294,3.195398548898775,3.1261071085366465,3.136767564739372,37748600
2016-07-22,3.1820735931396484,3.1900689361970778,3.1234426023409276,3.1554232120927646,33938400
2016-07-25,3.206059455871582,3.2646907070817415,3.1740788427094913,3.1927341368475473,47192000
2016-07-26,3.166083335876465,3.2167192365061177,3.1580882471790015,3.184738627556976,38304800
2016-07-27,3.0674755573272705,3.2087232718320555,3.0674755573272705,3.195397958201215,51952100
2016-07-28,3.0488202571868896,3.078136000320119,2.9715337370197874,3.03816005627278,40663100
2016-07-29,3.1634182929992676,3.1927337883245688,3.094126844965689,3.1341027976739655,60740000
2016-08-01,2.9981842041015625,3.190068064328645,2.990189117388541,3.179407863991542,52012300
2016-08-02,3.027500867843628,3.09679232403805,2.958209665808529,3.019505778024063,49134600
2016-08-03,3.171412944793701,3.1714129447937016,3.0195050062523348,3.086131330757742,55695500
2016-08-04,3.2007291316986084,3.230044627026995,3.1634182933321497,3.1794087252490013,63207500
2016-08-05,3.1047861576080322,3.2433690139238824,3.1047861576080322,3.2300437001767093,54225900
2016-08-08,3.1740777492523193,3.190068177404386,3.118111631958936,3.1420971471074197,41552000
2016-08-09,3.166083335876465,3.2167192365061177,3.13143761264174,3.176743538859512,33596200
2016-08-10,3.080801248550415,3.190068376228823,3.080801248550415,3.1847381484595108,41638400
2016-08-11,3.224714994430542,3.2247149944305424,3.0914623129112524,3.0994574026378,55881500
2016-08-12,3.1980626583099365,3.31532484395126,3.1927324318830115,3.211387970218065,71281300
2016-08-15,3.2806801795959473,3.296670354412663,3.2167187178513448,3.2486993216440228,53568000
2016-08-16,3.328651189804077,3.3473067339339106,3.235374485791965,3.280680407857003,48218700
2016-08-17,3.400608777999878,3.4006087779998784,3.2833462661188664,3.3233222264162148,46809100
2016-08-18,3.4325881004333496,3.472563791509569,3.4059374702763736,3.411267697971467,44941100
2016-08-19,3.408602237701416,3.44324795172068,3.3846167238296783,3.4165973242722556,33360000
2016-08-22,3.2913401126861572,3.365961515455687,3.278014798651792,3.365961515455687,43258900
2016-08-23,3.3766226768493652,3.4272585796000286,3.3099963418746885,3.325986519939404,61048000
2016-08-24,3.3046646118164062,3.387281341483449,3.2966695264161063,3.3313152353629834,44694700
2016-08-25,3.3393118381500244,3.3686275882042027,3.291341049791066,3.3099963422551446,40290500
2016-08-26,3.34464168548584,3.4379183913272424,3.317991052868714,3.3819522661586934,50650500
2016-08-29,3.4299228191375732,3.453908334276034,3.317990584597577,3.3313158990255256,36990100
2016-08-30,3.4885542392730713,3.5258648167032134,3.4565736354075587,3.4752289241226295,51893700
2016-08-31,3.424593210220337,3.5232001408236346,3.387282376684254,3.4992146231332426,61016100
2016-09-01,3.464569091796875,3.4885546107901835,3.4006078772542354,3.4565740035188637,45370000
2016-09-02,3.6164772510528564,3.619142365354243,3.5045449919875264,3.5232005379379405,57017000
2016-09-05,3.6857686042785645,3.712419238296661,3.6591179702604677,3.675108401503182,26292200
2016-09-06,3.7257437705993652,3.725743770599365,3.6058164429141817,3.6484572479436475,42086900
2016-09-08,3.789705276489258,3.808360565367351,3.720413840428843,3.7497293306885964,42797300
2016-09-09,3.6004867553710938,3.7364045228186265,3.6004867553710938,3.720414092582748,43155300
2016-09-12,3.7177491188049316,3.7177491188049316,3.536525676195747,3.5498507387093188,44141000
2016-09-13,3.467233896255493,3.6910983813188296,3.4485783530607144,3.6511224351808047,64134000
2016-09-14,3.4938852787017822,3.560511620620149,3.456574689889465,3.504545483242348,43932500
2016-09-15,3.6004867553710938,3.613812071541114,3.5072097963402142,3.520535112510235,42169100
2016-09-16,3.507209062576294,3.5765004888361203,3.507209062576294,3.5551800890883603,44651900
2016-09-19,3.4778943061828613,3.6084818455771273,3.4698992181397523,3.576501239245425,51105500
2016-09-20,3.597820997238159,3.632466711414374,3.5525150828661265,3.5844956834535813,52063100
2016-09-21,3.640463352203369,3.648458442223681,3.5711718942691193,3.6244731721627446,61094100
2016-09-22,3.731074810028076,3.755060331615174,3.688433995721815,3.7017593137323472,47574500
2016-09-23,3.6484570503234863,3.7257435687929483,3.6084813613134736,3.7257435687929483,53264300
2016-09-26,3.5711703300476074,3.6484568441496172,3.5685054706476342,3.6218064710353626,35545800
2016-09-27,3.496549367904663,3.571170777803568,3.4299230455265426,3.571170777803568,58098200
2016-09-28,3.6910977363586426,3.691097736358642,3.49654877579677,3.5445198011165315,69032100
2016-09-29,3.5791661739349365,3.704423478916735,3.5791661739349365,3.677773102055593,53143200
2016-09-30,3.6164772510528564,3.6697785204434243,3.581831527612703,3.605817048006601,39275000
2016-10-03,3.723078727722168,3.7230787277221684,3.629801780690175,3.643127095146064,34444500
2016-10-04,3.7364044189453125,3.7630547963851986,3.685768269738789,3.7257439629782474,39717400
2016-10-05,3.8856468200683594,3.9016372481140635,3.773714586226124,3.7817096731693605,65242200
2016-10-06,4.024230480194092,4.024230480194092,3.896307792952154,3.920293312694972,77003800
2016-10-07,4.066870212554932,4.098850812343296,3.9895836995265785,4.058874871988429,71691000
2016-10-10,4.1921281814575195,4.202788637283727,4.133497199368911,4.136162313325463,38724300
2016-10-11,4.1015167236328125,4.173473023612723,4.074866091545874,4.160147707569254,69314500
2016-10-13,4.200123310089111,4.2161134846980985,4.005574321845319,4.048215126348275,58212500
2016-10-14,4.333375930786133,4.34137127221213,4.258754269098945,4.266749610524942,66150000
2016-10-17,4.503939151763916,4.503939151763916,4.282739788644293,4.328045706792577,75002000
2016-10-18,4.642521858215332,4.70115283505617,4.578560653938473,4.586555486774039,76995000
2016-10-19,4.69582462310791,4.741130554218527,4.621202940008472,4.722474752204696,65212400
2016-10-20,4.727805137634277,4.727805137634277,4.589222225148011,4.613207748782889,62901500
2016-10-21,4.78377103805542,4.821081622850959,4.658513203409951,4.703819131369645,47961800
2016-10-24,4.850396156311035,4.911692246907254,4.797094898555257,4.866386330310383,51678900
2016-10-25,4.797095775604248,4.874382562648558,4.7198089885599375,4.855726763200285,57674100
2016-10-26,4.823746681213379,4.863722379932669,4.693159127627116,4.717144648522408,51424400
2016-10-27,4.82108211517334,4.927684159988502,4.82108211517334,4.826412344493759,43645900
2016-10-28,4.82108211517334,4.874383391740244,4.783771526567695,4.794431476889888,37689700
2016-10-31,4.7144775390625,4.84239992415665,4.693157141546807,4.805089355583783,42059100
2016-11-01,4.493278503417969,4.765113461554534,4.413326626527351,4.765113461554534,68718800
2016-11-03,4.298730373382568,4.538585556065817,4.298730373382568,4.431983026731691,56998700
2016-11-04,4.261420726776123,4.4186589328441706,4.240100317901742,4.389343180022406,61347700
2016-11-07,4.5865559577941895,4.5865559577941895,4.453303308119957,4.453303308119957,51625300
2016-11-08,4.541251182556152,4.65851316474563,4.458634162168023,4.557241360433156,56241000
2016-11-09,4.437313556671143,4.557241156169782,4.213449297312011,4.224109500138637,111417100
2016-11-10,4.130831241607666,4.5785601284806035,4.130831241607666,4.557239729501816,94683900
2016-11-11,3.733739137649536,4.120171753566039,3.715083594702362,4.045550344255084,129811400
2016-11-14,3.731074810028076,3.779045853202271,3.5525162095011313,3.67777379214525,86623000
2016-11-16,3.9282875061035156,3.9869187349860344,3.7790447015142976,3.877651618086265,77406600
2016-11-17,3.8083605766296387,4.082860953638589,3.8083605766296382,4.03755503409274,51535300
2016-11-18,3.869656801223755,3.9149624651568016,3.7870400523027477,3.8296808565874323,55041300
2016-11-21,4.1521525382995605,4.1521525382995605,3.9655988798218735,4.010904800986931,59122000
2016-11-22,4.245428085327148,4.285403765245364,4.064204460825,4.245428085327148,58636100
2016-11-23,4.224109172821045,4.261419752743471,4.138827302657076,4.189463452779318,42490100
2016-11-24,4.1521525382995605,4.237434152652958,4.1521525382995605,4.237434152652958,14725000
2016-11-25,4.077530384063721,4.136161610346667,4.010904071429213,4.064205070704976,47630600
2016-11-28,4.120171546936035,4.146822176004449,4.0508801146855475,4.0508801146855475,38747500
2016-11-29,3.906967878341675,4.0988517763606485,3.888312587617356,4.077531371487348,54075900
2016-11-30,4.2640838623046875,4.31472000049871,4.160146726663697,4.237433236501602,82547300
2016-12-01,4.114840984344482,4.357360977470271,4.085525498084079,4.264084037486566,66775400
2016-12-02,4.21877908706665,4.240099491787096,3.930953369181367,4.029560304553245,58381500
2016-12-05,4.173473358154297,4.288070729491174,4.144157863836174,4.266750323776307,47586500
2016-12-06,4.304060459136963,4.317386029022192,4.194793327670663,4.264084766118307,63916700
2016-12-07,4.226774215698242,4.352031785247576,4.202788950777934,4.3440364427815314,50247400
2016-12-08,4.184133529663086,4.264085177574463,4.136162744243685,4.25609008903111,41104800
2016-12-09,4.1521525382995605,4.237434152652958,4.136162362687927,4.2321041788355,37161200
2016-12-12,4.157483100891113,4.250759810557699,4.1255022387753515,4.208118999949056,35436700
2016-12-13,4.117506980895996,4.1814681941770395,4.098851690562176,4.144157613509399,33455000
2016-12-14,3.9282875061035156,4.122836479784918,3.928287506103515,4.112176279457117,44215700
2016-12-15,3.95760440826416,3.9735945863656617,3.819021509201553,3.93894886160001,43338800
2016-12-16,3.9336185455322266,4.034890596635874,3.9336185455322266,3.970929127303539,37876200
2016-12-19,3.8270158767700195,3.968263863607416,3.8243510170283566,3.9655987497065026,39128600
2016-12-20,3.8243513107299805,3.888312524308474,3.757724983045899,3.853666803413639,31810000
2016-12-21,3.821685552597046,3.858996127150651,3.7417339220176786,3.8510010403404826,32856800
2016-12-22,3.733739137649536,3.853666466153382,3.733739137649536,3.853666466153382,42240500
2016-12-23,3.7950358390808105,3.8243515880495456,3.7337397351630712,3.7443999381991686,21776900
2016-12-26,3.8430066108703613,3.8510016990480773,3.8030309158225135,3.8163559780656158,5734300
2016-12-27,3.840341806411743,3.877652644514974,3.8003661081405826,3.8643273270381564,14949200
2016-12-28,3.9389474391937256,3.9469427795165513,3.8270152162662336,3.8456707561936203,18979900
2016-12-29,3.962932825088501,3.9655979384441986,3.869656145071871,3.9576028525363043,18090600
2017-01-02,3.906967878341675,3.917628080778325,3.8909777017663374,3.901637904202987,7525700
2017-01-03,4.130831241607666,4.170806926153091,3.9842533080091016,3.9842533080091016,39947800
2017-01-04,4.130831241607666,4.178802266389539,4.080195357572848,4.117505928706123,37071700
2017-01-05,4.197458744049072,4.240099554116785,4.162813022329236,4.184133427363093,47586300
2017-01-06,4.173473358154297,4.242764803807259,4.130832546724561,4.205453966726599,25592000
2017-01-09,4.085526466369629,4.1574830235526194,4.085526466369629,4.130832390338339,25599000
2017-01-10,4.12550163269043,4.178802892279927,4.101516370866245,4.157482490107825,26239900
2017-01-11,4.173473358154297,4.178803586662656,4.069536443834137,4.168143383805222,34399300
2017-01-12,4.237434387207031,4.33071134868865,4.237434387207031,4.304060715648395,49890300
2017-01-13,4.178802490234375,4.250758777102445,4.1494867494487915,4.202788003910138,34450000
2017-01-16,4.197458744049072,4.197458744049072,4.152152819812308,4.184133427363093,20069600
2017-01-17,4.216114044189453,4.25608999433534,4.189463664918139,4.192128524933777,28663300
2017-01-18,4.208118438720703,4.245429270106834,4.186798036259842,4.210783552568122,24725200
2017-01-19,4.202789306640625,4.232104802353859,4.152153150038599,4.216114370227089,21677600
2017-01-20,4.2640838623046875,4.31472000049871,4.213447978269869,4.221443064347113,34863500
2017-01-23,4.261420726776123,4.28807136494876,4.208119704590172,4.248095407689805,25139100
2017-01-24,4.274745464324951,4.378682373728447,4.256089919587466,4.296065869031271,49710600
2017-01-26,4.2107834815979,4.314720632462237,4.2107834815979,4.304060177252237,37391900
2017-01-27,4.16281270980835,4.229439034077036,4.1414923063751115,4.192128200989239,23275300
2017-01-30,3.954939365386963,4.138827941835698,3.9549393653869624,4.133497967091903,26779500
2017-01-31,4.002910137176514,4.096186849215764,3.970929274247261,3.9949147943645578,30807200
2017-02-01,4.002910137176514,4.106847052139087,3.973594388517913,4.066871354716449,35977000
2017-02-02,3.968264579772949,4.072201499073893,3.9602692366272643,3.9949149611140107,39306700
2017-02-03,4.088191509246826,4.088191509246826,3.9362835633880033,3.976259258353187,40213400
2017-02-06,3.9869191646575928,4.122836924104377,3.9842540507486164,4.098851407242091,29686500
2017-02-07,3.9176268577575684,4.040219274587279,3.917626857757569,4.024229103003818,29163900
2017-02-08,4.024230480194092,4.024230480194092,3.803031082369204,3.936283743909945,58912900
2017-02-09,4.0109052658081055,4.061541166658782,3.986919745451732,4.045550989194059,33910300
2017-02-10,4.1521525382995605,4.165477854082093,4.0348903185636384,4.050880494175272,44467000
2017-02-13,4.16281270980835,4.240099235793655,4.14415742034408,4.202788656865115,36439100
2017-02-14,4.216114044189453,4.250759765985511,4.146822854756615,4.194793639108691,34417400
2017-02-15,4.2214436531066895,4.277409517612093,4.205453224562832,4.240098941275157,47953300
2017-02-16,4.226774215698242,4.282740342164176,4.197458722467238,4.221444241546821,37276900
2017-02-17,4.1601481437683105,4.237434679932948,4.157483283607612,4.194793867450291,24866600
2017-02-20,4.242763996124268,4.258754170286773,4.17080744991529,4.194792965318283,33514000
2017-02-21,4.2880706787109375,4.325381261190475,4.274745615916406,4.290735792933556,33685800
2017-02-22,4.184133529663086,4.269415406042887,4.149487807096179,4.264085177574463,45255400
2017-02-23,4.146821975708008,4.290734806575964,4.125501320987548,4.2480937512942685,41208700
2017-02-24,4.0455498695373535,4.122836383651608,4.024229469378884,4.090855783413905,30412200
2017-03-01,4.136162757873535,4.1441578464432345,4.082861489650786,4.133497643630541,25661000
2017-03-02,4.026895523071289,4.117507377697949,3.9949149133488135,4.11484226334792,38490800
2017-03-03,4.082860946655273,4.088191174432374,4.008239536890611,4.056210570247519,24516800
2017-03-06,4.024230480194092,4.122837419235126,4.008240048979119,4.026895340263852,23325000
2017-03-07,4.0455498695373535,4.098850869933526,4.0295594423388925,4.0455498695373535,30927300
2017-03-08,3.8776519298553467,4.045550289136917,3.8776519298553467,4.040220061464845,49300700
2017-03-09,3.8643271923065186,3.888312712096665,3.7763804558488374,3.8216863811948287,46467600
2017-03-10,3.813690662384033,3.9655985904042823,3.795035119986303,3.9229577863395977,42454600
2017-03-13,3.829680919647217,3.837676007042432,3.7737147995622156,3.819020718400514,28295100
2017-03-14,3.621807098388672,3.7577248635398623,3.621807098388672,3.7497295214773723,67172700
2017-03-15,3.784374237060547,3.7843742370605464,3.611145938222108,3.6937624176708916,55593200
2017-03-16,3.653787612915039,3.816355751736941,3.645792525211472,3.800365576329806,35362300
2017-03-17,3.507209062576294,3.699092914465347,3.477893576462927,3.68043762822586,81797400
2017-03-20,3.624472141265869,3.6431274307269765,3.440583343986281,3.459238633447389,52351600
2017-03-21,3.464569091796875,3.63246747059076,3.4165980538102585,3.627137242299236,46384300
2017-03-22,3.640463352203369,3.6564537864033224,3.4725649368208393,3.517870870534823,62807700
2017-03-23,3.6164772510528564,3.6831035836317776,3.5765015531692197,3.592491730658959,36467200
2017-03-24,3.592491388320923,3.669778170740526,3.5551808082940966,3.6511226265678483,30084700
2017-03-27,3.6697778701782227,3.675107843677263,3.469898907858953,3.5285298871446167,32021200
2017-03-28,3.7177491188049316,3.760389928830622,3.669778334605668,3.7044238021320846,44850600
2017-03-29,3.851001739501953,3.8616619419039804,3.7124191082756,3.741734601341357,43051400
2017-03-30,3.851001739501953,3.901637891531037,3.824351360576522,3.877652372586658,32928600
2017-03-31,3.861661434173584,3.9043022381752888,3.800365341960943,3.8270157173823884,33553000
2017-04-03,3.909633159637451,3.9309535654222523,3.8723223224344054,3.8749874366973267,39427200
2017-04-04,3.95760440826416,3.9682646117182605,3.882982729926157,3.909633365641058,24132000
2017-04-05,3.882981538772583,4.040219682105257,3.864326251990476,4.010904195139201,49920900
2017-04-06,3.872321844100952,3.962933684573059,3.843006353307904,3.896307361185834,34602700
2017-04-07,3.9176268577575684,3.9709278533010957,3.8909764870654024,3.8936413462231827,33024900
2017-04-10,3.981588840484619,3.9815888404846196,3.917627633172562,3.970928639265943,37906000
2017-04-11,3.9122979640960693,3.994914466430177,3.8776522438994467,3.9895844924856854,38593200
2017-04-12,3.9043025970458984,3.9522736330367763,3.88564730712023,3.8909775351900002,42628900
2017-04-13,3.752394199371338,3.9149623233583526,3.752394199371338,3.9043021226732897,44572600
2017-04-17,3.8056955337524414,3.824351077193073,3.723079034798411,3.7683849551896875,46459500
2017-04-18,3.7577242851257324,3.8296805734973156,3.717748343444432,3.771049344860276,45349800
2017-04-19,3.624472141265869,3.8056955704176825,3.611146825582539,3.79503536870287,41014100
2017-04-20,3.6990933418273926,3.704423315300506,3.6324670213783956,3.6777729396164527,28227600
2017-04-24,3.7390689849853516,3.7737147016782946,3.709753495857126,3.7657196144904583,27546200
2017-04-25,3.821685552597046,3.8216855525970463,3.677772719217875,3.7044230933048463,32268100
2017-04-26,3.731074810028076,3.8616623673808266,3.731074810028076,3.7737156243343377,37045000
2017-04-27,3.6591176986694336,3.739069340630184,3.613812030856247,3.7284091386460343,29078500
2017-04-28,3.723078727722168,3.757724443643788,3.64845706843288,3.6910981255235735,31061200
2017-05-02,3.728409767150879,3.821686740855501,3.6910991809964746,3.747065314387387,37830100
2017-05-03,3.7737152576446533,3.7977007769010918,3.7177491307660553,3.741734650022494,38357600
2017-05-04,3.624472141265869,3.7310741584139944,3.6191419133288343,3.7310741584139944,37695400
2017-05-05,3.787041664123535,3.787041664123535,3.640463646389734,3.6484587370561306,32788100
2017-05-08,3.752394199371338,3.8243507446149354,3.7257435705790645,3.765719513767474,36464300
2017-05-09,3.768385410308838,3.7950357904781287,3.7417347759802615,3.771050270414267,28008600
2017-05-10,3.9256227016448975,3.930952929308193,3.813690716467372,3.821685803803071,46271700
2017-05-11,3.949608087539673,3.9762587166586347,3.901637310948472,3.9655985158428972,29318000
2017-05-12,4.117506980895996,4.152152701629712,4.090856602441863,4.130832297202698,83518200
2017-05-15,4.178802490234375,4.2294383769815935,4.170807149569643,4.202788003910138,46914700
2017-05-16,4.184133529663086,4.205453935218215,4.136162744243685,4.2027890751432855,34469300
2017-05-17,4.1601481437683105,4.189463892969605,4.133497763046296,4.146823080486948,30023400
2017-05-18,3.504544734954834,3.7310743507725923,3.3179910682480585,3.3179910682480585,142924900
2017-05-19,3.6298024654388428,3.704423884645949,3.5871616544633533,3.6644481878962485,70983900
2017-05-22,3.5711703300476074,3.600486070880271,3.4645683292721516,3.557845270570089,55014900
2017-05-23,3.5951573848724365,3.624473138271676,3.565841885632524,3.5844971802252568,48520100
2017-05-24,3.744399070739746,3.7550592713062105,3.6484570114823343,3.6644474394116457,54065800
2017-05-25,3.661783456802368,3.781710813758736,3.6324679597292633,3.7230798196125257,45030800
2017-05-26,3.645792007446289,3.6751074943022366,3.5711703522796996,3.5898258931509566,63326900
2017-05-29,3.645792007446289,3.645792007446289,3.645792007446289,3.645792007446289,0
2017-05-30,3.5605103969573975,3.635132057254991,3.560510396957397,3.6111465417421384,34663800
2017-05-31,3.4539084434509277,3.547185393235735,3.4512433296492495,3.5205347635374356,45628800
2017-06-01,3.416597604751587,3.541855157387219,3.416597604751587,3.5072094405237784,42873400
2017-06-02,3.4778943061828613,3.477894306182861,3.379287373120297,3.4086028653845406,43192600
2017-06-05,3.5125396251678467,3.528529799426702,3.4432481922881735,3.4539083931804897,31419400
2017-06-06,3.5125396251678467,3.5525153149742223,3.4725636812022334,3.5258646856638136,35558700
2017-06-07,3.4299228191375732,3.555180368105518,3.413932645151421,3.539189939960133,44355600
2017-06-08,3.4219276905059814,3.4539082922483737,3.387281975078582,3.4059372625551703,27749200
2017-06-09,3.424593210220337,3.491219535289532,3.4192629822183562,3.4539087017534493,30382100
2017-06-12,3.4379189014434814,3.472564627322748,3.403273429723521,3.456574448707275,30680700
2017-06-13,3.4485790729522705,3.4698997345054603,3.403273397859742,3.451244187416332,22891000
2017-06-14,3.3632969856262207,3.475229236289599,3.3606318715248853,3.448578603594787,67382800
2017-06-15,3.3632969856262207,3.3632969856262203,3.3632969856262203,3.3632969856262203,0
2017-06-16,3.2726850509643555,3.35530180675697,3.2540297610779723,3.352636692727697,73551400
2017-06-19,3.275350332260132,3.3233213705997873,3.2566950414210547,3.2806805605908824,45926200
2017-06-20,3.1607534885406494,3.2327100579747494,3.13410310494823,3.2300449433677123,54014700
2017-06-21,3.1021218299865723,3.230044253907208,3.0887965139550237,3.1847383318955003,58778300
2017-06-22,3.208723306655884,3.208723306655884,3.1234417051477044,3.134101905336227,42284600
2017-06-23,3.179408073425293,3.2380390520618847,3.1634176447867057,3.227378851022573,33601000
2017-06-26,3.270021438598633,3.2780165295772936,3.2087250633372744,3.2247154994539557,42731300
2017-06-27,3.2540292739868164,3.3259855628913018,3.2327088732625815,3.288674988703504,45097600
2017-06-28,3.219383478164673,3.283344678726012,3.2007281915407537,3.27001961922848,32077400
2017-06-29,3.246034860610962,3.2780154683313563,3.2220493412808473,3.2673552657578915,24380300
2017-06-30,3.29667067527771,3.3259861680677973,3.2486996378400472,3.2646900683723583,29687600
2017-07-03,3.2940051555633545,3.3073304703396227,3.2566945791808912,3.272684753585021,31542500
2017-07-04,3.3126606941223145,3.3126606941223145,3.28334495081623,3.288675178384332,12523500
2017-07-05,3.2540292739868164,3.336646017412644,3.230043759632246,3.299335189065621,41958400
2017-07-06,3.2433695793151855,3.2940054753903407,3.2193840612209095,3.2726850713419315,51976900
2017-07-07,3.179408073425293,3.243369279661161,3.1580876713466703,3.2327090786218493,42677000
2017-07-10,3.1927335262298584,3.2007288686107436,3.1287723121384077,3.15275783096252,21748800
2017-07-11,3.2860097885131836,3.317990388757104,3.171412447019724,3.1847377606611618,45500900
2017-07-12,3.4485790729522705,3.461904391113275,3.3339819467499625,3.3686276723048523,66332200
2017-07-13,3.4299228191375732,3.475228735697059,3.411267531433985,3.453908334276034,32983300
2017-07-14,3.4778943061828613,3.4805594202503194,3.4405834717162422,3.453908787894268,35977500
2017-07-17,3.435253143310547,3.4778939473533783,3.4299229157255726,3.4725637197684045,28118700
2017-07-18,3.4485790729522705,3.4698997345054603,3.419263576325504,3.464569505577337,19300700
2017-07-19,3.525864362716675,3.5365248167917973,3.4565731903428776,3.4645682767400054,36513700
2017-07-20,3.4912195205688477,3.5578458453571136,3.472563976799837,3.5418554155778557,30114300
2017-07-21,3.3819525241851807,3.4752294913024295,3.3766225497506657,3.4645692882741117,38738300
2017-07-24,3.4325881004333496,3.4432483016642914,3.403272610588072,3.4192627853548614,16250400
2017-07-25,3.523200035095215,3.5311951226989993,3.467233913550219,3.467233913550219,29930100
2017-07-26,3.4805595874786377,3.5551810058378988,3.459238928073856,3.544520803215147,29333000
2017-07-27,3.464569091796875,3.50987501563773,3.464569091796875,3.47789440836641,21825900
2017-07-28,3.4992141723632812,3.4992141723632812,3.4405829426906913,3.4592382299759223,20980200
2017-07-31,3.5418550968170166,3.547185324316811,3.4832238651154594,3.5231998088862087,31397700
2017-08-01,3.496549367904663,3.5498503749753096,3.4858891664905336,3.54452040134787,22999400
2017-08-02,3.6004867553710938,3.627137133551869,3.4858893921318876,3.499214708301908,46342000
2017-08-03,3.5471861362457275,3.640462851409465,3.5471861362457275,3.616477330488726,31300700
2017-08-04,3.5711703300476074,3.5924907302026985,3.5338597568558066,3.5738354436067983,21560500
2017-08-07,3.6111464500427246,3.6298017375637825,3.5525152196289596,3.557845447011679,29832200
2017-08-08,3.5951573848724365,3.648458408108335,3.5871622949268835,3.5978224995740633,28907900
2017-08-09,3.603151798248291,3.627137061889324,3.5818311403019374,3.600486684235089,26980300
2017-08-10,3.5152041912078857,3.6404617318514525,3.50454399120583,3.624471558927977,56194400
2017-08-11,3.4512431621551514,3.517869479008182,3.448578048482815,3.501879305292623,43025100
2017-08-14,3.4858896732330322,3.5232005106859723,3.4405837470970644,3.459239038743891,31607400
2017-08-15,3.504544734954834,3.5285302535895697,3.477894356373449,3.4858894445319373,24737300
2017-08-16,3.4992141723632812,3.5658404888496515,3.4912190855495004,3.544520087906751,44946600
2017-08-17,3.4778943061828613,3.533860430803156,3.4698992181397523,3.4965495963365374,23503300
2017-08-18,3.624472141265869,3.624472141265869,3.5072096682436738,3.5072096682436738,66263500
2017-08-21,3.5551812648773193,3.640462892073165,3.53919083269845,3.635132917453073,40485900
2017-08-22,3.6751084327697754,3.6964288385019266,3.6351327355618124,3.6511229127812834,55240700
2017-08-23,3.6671133041381836,3.7124192293643703,3.637797555956956,3.6724432784334096,47679700
2017-08-24,3.6777734756469727,3.701758995169947,3.645792867669433,3.672443247237743,32300600
2017-08-25,3.6990933418273926,3.7150835164059757,3.680438053432631,3.696428228011214,24185600
2017-08-28,3.6964287757873535,3.7390695865282018,3.667113281942841,3.712419206894812,27208100
2017-08-29,3.6910977363586426,3.691097736358642,3.6457918244809133,3.6671122236987617,27306400
2017-08-30,3.5844967365264893,3.704424087502159,3.581831622154758,3.6751085918909983,58871700
2017-08-31,3.6377968788146973,3.6697777352702374,3.589826102449855,3.6058162765183908,82909400
2017-09-01,3.7364044189453125,3.7817100860090447,3.683103155747023,3.691098497722322,60260300
2017-09-04,3.7763795852661133,3.779044698886016,3.715083242804469,3.7204134700442744,18139300
2017-09-05,3.840341806411743,3.9043030253093174,3.792370765158917,3.8829826190101264,56476800
2017-09-06,4.002910137176514,4.002910137176514,3.8669923592846884,3.904302942436674,68418200
2017-09-07,4.002910137176514,4.002910137176514,4.002910137176514,4.002910137176514,0
2017-09-08,3.920292377471924,4.037554579823678,3.9149621502854153,4.024229520175849,36337400
2017-09-11,3.9949145317077637,4.010904962121055,3.9469437487864285,3.9655990391358773,34915900
2017-09-12,3.962932825088501,4.040219333289342,3.9602677117328033,3.9922483095235797,49702800
2017-09-13,4.005575180053711,4.024230726640202,3.9469441883798733,3.981589658842006,37010200
2017-09-14,4.008239269256592,4.066870500093588,4.002909295994629,4.005574155545994,34413800
2017-09-15,4.008239269256592,4.04288498501667,3.994913954862834,4.016234356229154,47784700
2017-09-18,4.008239269256592,4.048214958278633,3.992248841152236,4.002909295994629,47601200
2017-09-19,4.034890651702881,4.042885740168809,3.976259409914424,4.0242304490285505,35822100
2017-09-20,4.229438781738281,4.232103895548243,4.0162345059669295,4.064205537909276,80267000
2017-09-21,4.176137447357178,4.25342396264308,4.15215193327548,4.224108475520573,46258800
2017-09-22,4.181467533111572,4.2107832751835215,4.112176356757938,4.157482272542562,40928300
2017-09-25,4.2214436531066895,4.253424256035165,4.184132822610514,4.208118338346681,36733200
2017-09-26,4.146821975708008,4.23743355101365,4.146821975708008,4.2267733507330325,37874200
2017-09-27,4.080196857452393,4.18946400592506,4.026895586252684,4.18413377714137,41819300
2017-09-28,4.088191509246826,4.130832318318827,4.0562109024428255,4.096186597408009,33829000
2017-09-29,4.077530384063721,4.136161610346667,4.077530384063721,4.130831383339484,28638300
2017-10-02,4.10418176651001,4.10418176651001,4.013570172524641,4.048215639959452,29826200
2017-10-03,4.258754730224609,4.258754730224609,4.136162531662959,4.157482936122313,50636700
2017-10-04,4.173473358154297,4.248094778156334,4.170808243900117,4.2374345752989,47798600
2017-10-05,4.237434387207031,4.293400767423421,4.224109324846177,4.232104413094544,55361300
2017-10-06,4.181467533111572,4.202788188327185,4.141491844670659,4.173472446255235,41741300
2017-10-09,4.234768390655518,4.234768390655518,4.1548167671523455,4.160146739834314,27904700
2017-10-10,4.314720630645752,4.314720630645752,4.266749598857909,4.298729947837483,47066600
2017-10-11,4.285404205322266,4.330710116100359,4.266748919999239,4.309389717399986,40422100
2017-10-12,4.285404205322266,4.285404205322266,4.285404205322266,4.285404205322266,0
2017-10-13,4.285404205322266,4.341370569609746,4.280073978567572,4.325379889345665,24210000
2017-10-16,4.296065807342529,4.333376387963199,4.264084946583001,4.306725755383348,44699700
2017-10-17,4.298730373382568,4.322715891650893,4.282740197309862,4.301395487447775,25524800
2017-10-18,4.306725978851318,4.338706841270274,4.298730636166939,4.322716155901515,25706200
2017-10-19,4.304060459136963,4.306725573114009,4.237434134666365,4.264084766118307,24672800
2017-10-20,4.322716236114502,4.368022162196231,4.30939117304517,4.314721401600332,32417500
2017-10-23,4.317385196685791,4.341370709536589,4.296064797298239,4.341370709536589,29389900
2017-10-24,4.4000020027160645,4.4000020027160645,4.2960651116366035,4.341371027189937,46249500
2017-10-25,4.455968379974365,4.458633493940869,4.3840123361527965,4.40533273956632,37608200
2017-10-26,4.458633899688721,4.501274710396196,4.43997860854402,4.471959470733906,37848300
2017-10-27,4.538586139678955,4.554576317807825,4.437313825452718,4.469294690029055,45640100
2017-10-30,4.471959590911865,4.575896506264683,4.461299133789231,4.522595237288658,55355600
2017-10-31,4.469293117523193,4.517264143349955,4.455967550172193,4.503938575998955,32249000
2017-11-01,4.503939151763916,4.557240411344891,4.498608924142122,4.527924667743506,38876600
2017-11-02,4.503939151763916,4.503939151763916,4.503939151763916,4.503939151763916,0
2017-11-03,4.514599800109863,4.533255089265599,4.445308363018196,4.519929519641141,32605400
2017-11-06,4.6451873779296875,4.647852491880633,4.525259791729683,4.543915081067793,46056100
2017-11-07,4.397337913513184,4.62386754405485,4.397337913513184,4.613207086938266,61098400
2017-11-08,4.517265319824219,4.517265319824219,4.400002838187733,4.447973876508048,41179600
2017-11-09,4.455968379974365,4.5145998706004375,4.455968379974365,4.501274300767915,29399400
2017-11-10,4.455968379974365,4.479953897354393,4.400002511633311,4.453303266007861,35959400
2017-11-13,4.43464994430542,4.469295932924597,4.368023590534875,4.447975520050772,28697700
2017-11-14,4.090856552124023,4.434648132820785,4.072201007860398,4.434648132820785,88765600
2017-11-15,4.090856552124023,4.090856552124023,4.090856552124023,4.090856552124023,0
2017-11-16,4.213449001312256,4.274745353878672,4.125502016471872,4.162812850823572,42703800
2017-11-17,4.269414901733398,4.2960655326089405,4.213448780222162,4.242764270857856,38376900
2017-11-20,4.269414901733398,4.269414901733398,4.269414901733398,4.269414901733398,0
2017-11-21,4.237434387207031,4.346701525185384,4.224109324846177,4.304060715648395,45817800
2017-11-22,4.293400764465332,4.328046231570811,4.245429726689634,4.288070536197244,37444900
2017-11-23,4.314720630645752,4.333375918936917,4.248094056407503,4.2587542574537744,15403600
2017-11-24,4.290736198425293,4.362692764280493,4.274746019897007,4.330711898905312,18790700
2017-11-27,4.229438781738281,4.269414726409983,4.205453265767108,4.266749612600021,28445800
2017-11-28,4.2214436531066895,4.274744912146723,4.21344856591438,4.245429168842857,30429600
2017-11-29,4.085526466369629,4.242764643183476,4.082861352216346,4.229439326576336,45973000
2017-11-30,4.098850727081299,4.122836239963442,3.994913589311743,4.077530327665883,52811400
2017-12-01,4.1601481437683105,4.202789210410257,4.066871430002323,4.088191836243651,42703800
2017-12-04,4.12550163269043,4.210783495538081,4.120171659227025,4.170807550845957,43821500
2017-12-05,4.080196857452393,4.218779501757461,4.053546221852539,4.130832760100959,30228000
2017-12-06,4.136162757873535,4.184133543451014,4.034890704073307,4.056211109698694,39238500
2017-12-07,4.066870212554932,4.128166298609495,4.016234072270609,4.0775304124843865,37281400
2017-12-08,4.090856552124023,4.178803282843523,4.090856552124023,4.133497360453567,39584500
2017-12-11,4.098850727081299,4.149486612153107,4.096185613614569,4.125501099270963,21281600
2017-12-12,4.128166675567627,4.128166675567627,4.045550182110137,4.093520959093467,36201200
2017-12-13,4.0455498695373535,4.178802497607394,4.02689432877928,4.170807156928554,46828900
2017-12-14,4.000244140625,4.080195771995689,3.997579026942157,4.02422965545213,37177300
2017-12-15,3.984253406524658,4.061539918273566,3.984253406524658,4.010904032986714,55668300
2017-12-18,4.056210994720459,4.085526488084561,4.032225475531977,4.040220563875046,42760400
2017-12-19,4.034890651702881,4.06420614551747,4.01357024635422,4.045550854377211,22639700
2017-12-20,4.0615410804748535,4.077531511759557,4.0428857891087695,4.053545991912144,20149700
2017-12-21,4.226774215698242,4.22943932985359,4.0775313812286,4.080196495383949,47219400
2017-12-22,4.197458744049072,4.234769579937959,4.181468313194042,4.197458744049072,18708500
2017-12-25,4.197458744049072,4.197458744049072,4.197458744049072,4.197458744049072,0
2017-12-26,4.25609016418457,4.261420138587828,4.181468489264675,4.19745892079302,22173100
2017-12-27,4.27741003036499,4.301395548976412,4.258754739960227,4.261419854063556,23552200
2017-12-28,4.290736198425293,4.29873103353013,4.264085561999076,4.290736198425293,19011500
2017-12-29,4.290736198425293,4.290736198425293,4.290736198425293,4.290736198425293,0
2018-01-02,4.4106621742248535,4.4106621742248535,4.314720619221673,4.314720619221673,33461800
2018-01-03,4.450638294219971,4.455968013396007,4.362691573834473,4.394671922164578,55940900
2018-01-04,4.458633899688721,4.519930001540897,4.42931866002643,4.471959470733906,37064900
2018-01-05,4.485283374786377,4.493278715348068,4.415991948207003,4.4506379156559035,26958200
2018-01-08,4.538586139678955,4.538586139678955,4.453304003581588,4.461299346805322,28400000
2018-01-09,4.538586139678955,4.573231610344606,4.519930338823576,4.538586139678955,35070900
2018-01-10,4.477289199829102,4.543915530233217,4.469294365504487,4.509270062083244,28547700
2018-01-11,4.5972161293029785,4.610541190118491,4.487949003996619,4.498608950985331,37921500
2018-01-12,4.610541343688965,4.639857088441741,4.535920187326993,4.541250415158134,45912100
2018-01-15,4.623867511749268,4.647853031775427,4.570566243175897,4.615872168967691,28945400
2018-01-16,4.703817844390869,4.754453987272465,4.610540899604284,4.623866467898627,58618300
2018-01-17,4.89303731918335,4.89303731918335,4.746459103730004,4.775774848484374,58488900
2018-01-18,4.8557257652282715,4.938342763706533,4.778439502386764,4.890371734478757,48575800
2018-01-19,4.866387367248535,4.909028179211749,4.805091263591239,4.879712430367574,33470200
2018-01-22,4.922352313995361,4.922352313995361,4.821080531761816,4.866386449468042,33920000
2018-01-23,4.861055850982666,4.91968682482113,4.79709464998113,4.903696651650356,35567700
2018-01-24,5.154212951660156,5.23149923046731,4.909028035871617,4.909028035871617,89768200
2018-01-25,5.154212951660156,5.154212951660156,5.154212951660156,5.154212951660156,0
2018-01-26,5.311450004577637,5.324775064479675,5.0902506553020075,5.228833514884401,81989500
2018-01-29,5.29013204574585,5.3434328182768756,5.215510354219989,5.242160994644846,55726200
2018-01-30,5.194187164306641,5.268808815904931,5.159541706115043,5.268808815904931,46203000
2018-01-31,5.250153541564941,5.31144962605556,5.244823314656606,5.260813487063198,41576600
2018-02-01,5.468690395355225,5.495341034413492,5.2661462501585135,5.2661462501585135,51950200
2018-02-02,5.3221116065979,5.442039216300741,5.290131249556216,5.410058350940447,50657800
2018-02-05,5.07426118850708,5.322110692107661,5.07426118850708,5.236829076892168,62268600
2018-02-06,5.3274407386779785,5.3274407386779785,4.96232877243307,4.972988719812652,74146500
2018-02-07,5.180862903594971,5.388736701408343,5.159542501041843,5.322110379890007,61910300
2018-02-08,5.076927185058594,5.2608160359435345,5.010300841378987,5.210179872417808,51115100
2018-02-09,5.002305507659912,5.16753853888382,4.9330140561303795,5.071596959189446,68727600
2018-02-14,5.13022518157959,5.159540916707626,5.0529384283577965,5.0662639935606935,43402800
2018-02-15,5.170202255249023,5.207513339563719,5.108906163735668,5.19685288452567,31978000
2018-02-16,5.175534248352051,5.218175066413804,5.146218495315103,5.186194198708166,34736300
2018-02-19,5.343430995941162,5.356756565768351,5.21017834758035,5.21017834758035,40925500
2018-02-20,5.44736909866333,5.548640900610151,5.282135570065428,5.29812574756891,67418700
2018-02-21,5.396730899810791,5.564628970811482,5.396730899810792,5.4873427185471595,55678400
2018-02-22,5.52731990814209,5.548640311991182,5.474019152678621,5.487344214464857,38170900
2018-02-23,5.628591537475586,5.6339212565643635,5.495338902205333,5.583285621150962,55755600
2018-02-26,5.735192775726318,5.780498685981642,5.6978816971923845,5.703211923885575,48160500
2018-02-27,5.729863166809082,5.823140110723152,5.687222365302955,5.721867825907264,42912500
2018-02-28,5.719203948974609,5.801820964536197,5.644582784362285,5.764509873911475,66229400
2018-03-01,5.604604721069336,5.719201533804804,5.532648192735311,5.703211363614469,66380900
2018-03-02,5.732529640197754,5.732529640197753,5.466024313410235,5.516660467829063,52682900
2018-03-05,5.8950982093811035,5.908423272748338,5.692554094623927,5.727199564369886,54242600
2018-03-06,5.836465358734131,6.031014085417627,5.825805412173162,5.9963686236963945,57240800
2018-03-07,5.775169849395752,5.855121235764648,5.695218463026855,5.78050007737195,50956600
2018-03-08,5.783164978027344,5.831135503088007,5.681892683489447,5.823140669737146,36156800
2018-03-09,5.967052936553955,5.967052936553956,5.753848920168406,5.8044850646794,45560000
2018-03-12,5.951062202453613,6.020353628338723,5.924411575833429,6.007028569187843,32363900
2018-03-13,5.89243221282959,6.0070295705772,5.879106643138875,5.983044053452421,34732800
2018-03-14,5.964389801025391,5.98038048879681,5.887103510071422,5.943069392315471,31947600
2018-03-15,5.679229259490967,5.911089153708825,5.679229259490967,5.876443171150962,81097800
2018-03-16,5.711208343505859,5.793824839593584,5.657907083135299,5.721868290588876,57891900
2018-03-19,5.577954292297363,5.692551617331864,5.559299008374233,5.668566107054022,42218400
2018-03-20,5.63925313949585,5.705879476690573,5.62592807538435,5.644583368467895,30106800
2018-03-21,5.876441955566406,5.887102412092449,5.649912845892002,5.66323790823101,53106300
2018-03-22,5.7884955406188965,5.873777672558448,5.751184957364361,5.825806632192004,50033300
2018-03-23,5.796490669250488,5.892432746437951,5.737859682257347,5.759180087374721,52815800
2018-03-26,5.871111869812012,5.9164177905877375,5.820475721105375,5.881771817355323,30174900
2018-03-27,5.713874340057373,5.91108822058521,5.695219048541284,5.900427763536834,43568100
2018-03-28,5.6499128341674805,5.70587870585743,5.5939464541589885,5.665903010604817,38539300
2018-03-29,5.705877304077148,5.745852989508813,5.657906278231785,5.665901618645485,34318800
2018-04-02,5.569961071014404,5.71920390747467,5.535315603169872,5.692553782202825,37275000
2018-04-03,5.519325256347656,5.64724820375928,5.506000192894936,5.625927797243774,39245800
2018-04-04,5.431376934051514,5.4900084161317695,5.359420900717877,5.4127216473235915,58475700
2018-04-05,5.636587619781494,5.684558660443916,5.604607264885598,5.636587619781494,88599000
2018-04-06,5.6712327003479,5.6712327003479,5.551305117659179,5.59128080911592,47908900
2018-04-09,5.471354007720947,5.7138737907525385,5.471354007720947,5.711208676746656,44248900
2018-04-10,5.703213691711426,5.7325294392925805,5.532650451207004,5.572626147160408,58545100
2018-04-11,5.809815883636475,5.836466517809197,5.684558563838818,5.689888792337076,62378300
2018-04-12,5.777836322784424,5.847127777822231,5.777836322784424,5.80715207523236,36238700
2018-04-13,5.6499128341674805,5.793825438740594,5.612601744722304,5.767174805799338,43347800
2018-04-16,5.49533748626709,5.660570426769656,5.490007260233244,5.609934296084783,48474200
2018-04-17,5.604604721069336,5.61792977817489,5.495337626185082,5.516658022544976,36570400
2018-04-18,5.809815883636475,5.828471683380378,5.67922833534056,5.689888792337076,65237400
2018-04-19,5.916417121887207,5.969717870216493,5.844460577908293,5.881771152570638,62475200
2018-04-20,5.95905876159668,5.985708885348542,5.836466057400294,5.879106865385508,61494800
2018-04-23,5.991039752960205,5.991039752960206,5.8471271377273,5.887102835940964,37023300
2018-04-24,5.969719409942627,6.068326607678445,5.924413482602157,6.023020680337975,46710300
2018-04-25,5.791160583496094,5.89776261170799,5.775170406343951,5.865782257403705,68160600
2018-04-26,6.031014442443848,6.0310144424438485,5.855120993068293,5.86311633470118,56674700
2018-04-27,6.052334785461426,6.110966273554082,6.039009724523181,6.086980757210449,37858300
2018-04-30,6.121623992919922,6.13494955732735,6.031012188222636,6.057662808719186,23681500
2018-05-02,6.023019313812256,6.11096603418788,5.999033798408133,6.041674601722468,31778100
2018-05-03,5.9830427169799805,6.033678345538354,5.855119818116653,6.007028228746955,48855700
2018-05-04,5.935072422027588,6.033679086224732,5.935072422027588,5.9830434514503965,33599400
2018-05-07,6.0363450050354,6.174927884448337,5.993704197265038,6.015024601150219,47815100
2018-05-08,6.105636119842529,6.169597328094502,6.001699219972885,6.1456118114602,81198700
2018-05-09,6.604000091552734,6.609329810080265,6.188251547300741,6.209571946366093,118032300
2018-05-10,6.862512111663818,7.059725990961948,6.64131271247497,6.699943700919744,126907200
2018-05-11,6.779895305633545,7.011754643305143,6.774565077376635,6.883832215050568,72996400
2018-05-14,6.993098735809326,7.057059944294102,6.878501379987998,6.889161835561378,66938700
2018-05-15,7.139677047729492,7.168992284320426,6.899821877231352,7.0224145764102355,75230200
2018-05-16,7.2995805740356445,7.336891664604191,7.153002850923357,7.160998193542023,64486500
2018-05-17,6.915812969207764,7.355546627224309,6.787890034615057,7.288920300000028,112487000
2018-05-18,6.835860729217529,6.974443604900453,6.651971932958208,6.665297502726861,83206900
2018-05-21,6.675957202911377,7.006424204472612,6.646641967143351,6.955788057864577,75971900
2018-05-22,6.598516464233398,6.753399174605686,6.448975151692245,6.625220397378109,88109900
2018-05-23,6.2139811515808105,6.537097239094017,6.21398115158081,6.47033766636797,74622500
2018-05-24,5.3621296882629395,5.541045391145628,5.247303123964844,5.354118354939167,240343800
2018-05-25,5.287359714508057,5.679906458655165,5.24997450433606,5.514342439127934,131188100
2018-05-28,4.515617370605469,5.1271352893617035,4.515617370605469,5.1271352893617035,134504900
2018-05-29,5.153839111328125,5.191224820583213,4.699874295913374,4.806689516638307,181509800
2018-05-30,5.068386554718018,5.332754397190474,4.841403909362341,4.910833924961437,125430000
2018-06-01,4.315339088439941,5.274006670881089,3.9788707536331316,5.223269248901806,216954700
2018-06-04,4.681181907653809,4.710555776347093,4.553003127652021,4.6170927723205,93547600
2018-06-05,4.430164813995361,4.753280867020904,4.430164813995361,4.6357843982852875,67006400
2018-06-06,4.3607354164123535,4.454198923231923,4.2378977882880235,4.3981206154061265,69496800
2018-06-07,4.208523273468018,4.315338481559066,3.9868815256784336,4.2726123983226465,118752700
2018-06-08,4.072333812713623,4.323349941160291,4.021596651035176,4.221875363135846,91461500
2018-06-11,4.1150593757629395,4.219204384538561,4.040288737360388,4.139092858916354,44872500
2018-06-12,4.128411769866943,4.187160262074869,4.069663277659019,4.133752402976276,69592600
2018-06-13,4.050970554351807,4.139093162601533,3.936144017379571,4.117730121490541,72301200
2018-06-14,4.032279014587402,4.15244621601972,4.018927046724343,4.093697710222825,57324600
2018-06-15,3.997563362121582,4.024267038919004,3.8640442141317806,4.013585517266522,75239300
2018-06-18,3.8720552921295166,3.9762003192533237,3.872055292129517,3.9441557542923595,47363800
2018-06-19,4.117730617523193,4.197842158673629,3.7839327416193522,3.8079662294312397,97301500
2018-06-20,4.328690052032471,4.400790506170395,4.219204658269116,4.229886178733897,88397300
2018-06-21,4.032279014587402,4.358065604307444,4.032279014587402,4.296646908672022,67884300
2018-06-22,4.03494930267334,4.187161332550267,4.008245620964617,4.115060857134732,52184500
2018-06-25,4.192501068115234,4.216534554767418,4.021596726886471,4.058981924196485,60347200
2018-06-26,4.283295631408691,4.3046586802967655,4.147105749078861,4.245909913853114,59595900
2018-06-27,4.419483184814453,4.534309722928963,4.288634493041082,4.299316268370377,78095000
2018-06-28,4.432835578918457,4.5583433879803605,4.360735120605509,4.46487988750081,94960700
2018-06-29,4.590388774871826,4.590388774871826,4.467550885186902,4.49959570707628,75735100
2018-07-02,4.665158271789551,4.667828715540067,4.512946543355537,4.536980027775124,54545600
2018-07-03,4.673171520233154,4.7773163225539195,4.662489740848832,4.737260668533262,57456700
2018-07-04,4.702544212341309,4.926856405357134,4.603739825924896,4.641125021649169,54211000
2018-07-05,4.7693047523498535,5.020320416647597,4.7132264380125655,4.966913056074441,76084700
2018-07-06,4.790666580200195,4.830722217777884,4.713225239459606,4.798677402114693,33878700
2018-07-10,4.739929676055908,4.900152752888203,4.686521814000104,4.8974823088519,70886200
2018-07-11,4.649136066436768,4.828051721032628,4.619761694845861,4.670499106866047,85806300
2018-07-12,4.793337821960449,4.812030421986371,4.678511268275329,4.705215200884568,49397900
2018-07-13,4.836064338684082,4.854756940365425,4.747941709804041,4.804019514848069,44951900
2018-07-16,4.7746453285217285,4.801349264575736,4.699874918772767,4.793338440294185,62798900
2018-07-17,4.884130954742432,4.913504822616983,4.729248245334988,4.7506117991858,40884300
2018-07-18,4.820042133331299,4.91350566001679,4.7906682604506114,4.87345000839022,40643800
2018-07-19,4.913506031036377,4.913506031036376,4.737260743102968,4.763964682648847,60404900
2018-07-20,5.151167869567871,5.201904768205213,5.055033940638138,5.1191230568129535,98035200
2018-07-23,5.143157482147217,5.199235278082545,5.129805262161344,5.153838748800802,35231500
2018-07-24,5.249973297119141,5.306051608817369,5.215258539847034,5.225939807724925,39934600
2018-07-25,5.330083847045898,5.340765622772291,5.236620856115463,5.287357762810528,48759900
2018-07-26,5.183212757110596,5.327413666755936,5.17253149121191,5.327413666755936,48144300
2018-07-27,5.279346942901611,5.290028209298065,5.220598195048266,5.233950414712709,36509400
2018-07-30,5.3113932609558105,5.367471586093122,5.260656335040259,5.32741593061521,37053900
2018-07-31,5.265994071960449,5.284687177178781,5.199234509900091,5.239290654604336,38641200
2018-08-01,5.3434367179870605,5.343436717987061,5.217928893915065,5.231280605865325,39141700
2018-08-02,5.450252056121826,5.549056458369498,5.327414673725709,5.338095941643332,69008900
2018-08-03,5.637178421020508,5.754674900984903,5.631837533021641,5.7146192596636265,86908000
2018-08-06,5.618485450744629,5.7333114791148265,5.60246278780779,5.6478593141253395,44528300
2018-08-07,5.530364036560059,5.730642800962797,5.492978830192156,5.695928039240494,69136700
2018-08-08,5.378150939941406,5.626496628471948,5.372810561293361,5.55706661269625,58211500
2018-08-09,5.431559085845947,5.434229529977521,5.28735815875183,5.410196042128501,51253100
2018-08-10,5.23128080368042,5.380822122385753,5.169862111450485,5.367470409930614,61789800
2018-08-13,5.351447105407715,5.351447105407715,5.145827517952043,5.207246197009688,58306700
2018-08-14,5.3487701416015625,5.437113173588048,5.281843586744859,5.429082313795062,55180600
2018-08-15,5.099803924560547,5.265782026386509,5.099803924560547,5.257750654962796,65651700
2018-08-16,5.073033332824707,5.180115724182167,5.0248461290615705,5.172084353351938,51201600
2018-08-17,4.941856861114502,5.048939763777463,4.925794629958706,5.019491914484236,68328400
2018-08-20,4.91508674621582,4.955242580228152,4.842805938628145,4.91776386989786,56315600
2018-08-21,4.743754863739014,4.960597307479331,4.725015506761027,4.890993616840249,68735300
2018-08-22,4.91240930557251,4.920440165491325,4.725014744793966,4.7384003623404904,56623700
2018-08-23,4.80532693862915,4.9579194050431,4.786587073984525,4.912409326410071,56284100
2018-08-24,4.899023532867432,4.936502750201584,4.832096979081761,4.912409149990016,37893000
2018-08-27,5.008783340454102,5.022168958379021,4.899023826515335,4.928471675341043,35428000
2018-08-28,4.91240930557251,5.046262417383155,4.9097321820632045,5.022168816408511,38079200
2018-08-29,5.166730880737305,5.169408004748741,4.939180956466431,4.9525660659144135,71434300
2018-08-30,5.0328755378723145,5.230978543014899,5.000751085033875,5.126572794767543,63981900
2018-08-31,5.156021595001221,5.201531670500026,5.062324320667318,5.07303281401248,75767400
2018-09-03,5.086418151855469,5.121219735594901,5.0221687206840695,5.083741028397191,25401600
2018-09-04,4.992721080780029,5.137282689881357,4.984690220680474,5.121219948464025,39759800
2018-09-05,5.0194926261901855,5.032877735616348,4.880285241477638,4.968628291274218,53967300
2018-09-06,5.083740234375,5.091771603495426,4.947210022981828,5.083740234375,54304300
2018-09-10,5.156021595001221,5.247041745998833,5.099803026157252,5.18279231775506,58578100
2018-09-11,4.952565670013428,5.05697094506743,4.933826314040571,5.0516172080817245,56495200
2018-09-12,5.073033332824707,5.145313627860293,4.990044032739696,5.035554112892757,59695700
2018-09-13,5.008783340454102,5.121219977977853,4.984690249407476,5.094449763346242,36808700
2018-09-14,5.030200004577637,5.075709570758671,4.947210710625078,5.032876617380807,55756300
2018-09-17,5.193500518798828,5.217594119229146,4.987366608721261,4.987366608721261,71289500
2018-09-18,5.421050548553467,5.421050548553467,5.212239528789925,5.220270898607042,72959100
2018-09-19,5.3487701416015625,5.477269004380251,5.308614310809359,5.335385034873859,60563700
2018-09-20,5.31932258605957,5.447821443557076,5.287197616380659,5.42372784395016,56206900
2018-09-21,5.391602516174316,5.434435465828626,5.3407387075904715,5.39427963935384,58517300
2018-09-24,5.354124069213867,5.463883571784026,5.332707593361374,5.40766551414963,54332900
2018-09-25,5.375540733337402,5.394280086538521,5.228302520520826,5.273812597127435,54462300
2018-09-26,5.4049882888793945,5.4344356234903985,5.346092598439282,5.4183733945563,60060800
2018-09-27,5.744976043701172,5.744976043701171,5.47994690991809,5.487978281466365,104177300
2018-09-28,5.645925521850586,5.873475963415367,5.627186163829229,5.6566335076017,91254600
2018-10-01,5.621830463409424,5.718204863319919,5.568289016657132,5.68875701654525,56540400
2018-10-02,6.109055519104004,6.109055519104004,5.862765789970731,5.889536512604382,127231800
2018-10-03,6.368732452392578,6.805093450839258,6.280388892497412,6.759583364200472,152189200
2018-10-04,6.43030309677124,6.564156197816724,6.213460705439034,6.277710643276838,99743300
2018-10-05,6.414242744445801,6.582898000479179,6.333931058169405,6.556127268183964,104693400
2018-10-08,7.12098503112793,7.220036039312132,6.89343465871833,7.21200518009177,188109000
2018-10-09,7.179880619049072,7.228067819543482,7.035319528174926,7.088860464917206,90128800
2018-10-10,6.973748207092285,7.064768380756921,6.8666658000189456,7.0433518993422535,82688000
2018-10-11,6.770289421081543,7.161140192080333,6.708716612675576,7.107598752755755,119307500
2018-10-15,6.898789882659912,6.992487168174822,6.839894183451559,6.93359146896647,92331900
2018-10-16,7.155788421630859,7.155788421630859,6.98445657349294,7.013904426370089,74144800
2018-10-17,7.080831050872803,7.129017750595989,7.029966716565386,7.078153926897761,80990300
2018-10-18,6.880049228668213,7.051381025414636,6.880049228668213,7.037995920272208,56268900
2018-10-19,6.93894624710083,7.051382896198194,6.880051053996178,7.037997787504599,61858300
2018-10-22,7.10224723815918,7.120986594599812,7.032643549515994,7.032643549515994,63678000
2018-10-23,7.01390266418457,7.088860073607885,6.909496898673582,7.0005170477810825,77457300
2018-10-24,6.874695301055908,7.225390280256696,6.874695301055908,7.070120704605205,93377100
2018-10-25,7.046027660369873,7.131693569457431,6.877372965679879,7.00854895279634,79732200
2018-10-26,7.388691425323486,7.388691425323486,6.992486360973341,7.134370324085598,110184900
2018-10-29,7.072797775268555,7.300348145808895,6.952329781862184,7.161140800230211,160890100
2018-10-30,7.495774269104004,7.495774269104004,7.0727984557717845,7.1477563822821,107525500
2018-10-31,7.394045352935791,7.584116506868435,7.308378941365042,7.565377154859194,84131500
2018-11-01,7.313735008239746,7.5011295961933735,7.257516938219162,7.431525906685145,98037100
2018-11-05,7.5386061668396,7.5386061668396005,7.3378265270751735,7.361920124695628,60389900
2018-11-06,7.278929710388184,7.576083163094447,7.225388280933749,7.308377037040101,95344400
2018-11-07,7.040674209594727,7.402077751210162,7.029966225052416,7.391369766667852,95817100
2018-11-08,6.786354064941406,7.236100681452954,6.786354064941405,7.174527851123757,119096300
2018-11-09,6.815800189971924,6.885403869199324,6.606989662898818,6.746197021353621,94206400
2018-11-12,6.780999660491943,6.938946397422028,6.770291675426929,6.837218241563094,63162600
2018-11-13,6.489197254180908,6.778319886425291,6.411562733332822,6.778319886425291,112776300
2018-11-14,6.71942663192749,6.7435202340384715,6.400856067822723,6.489199105359946,104423900
2018-11-16,6.9068217277526855,6.9710716834329345,6.738166998267334,6.797062195263495,100628900
2018-11-19,6.960361480712891,7.037996526936275,6.807769022256252,6.842570604991824,79946400
2018-11-21,6.738165855407715,6.821154644055949,6.695332899291909,6.7194265009331895,77228100
2018-11-22,6.759666919708252,6.8161097339846535,6.738165017280525,6.794607831556927,31253600
2018-11-23,6.550024032592773,6.665596447149687,6.453265207465668,6.625280440895337,77961200
2018-11-26,6.517772197723389,6.716664978528158,6.464017170415751,6.665597753850495,62111600
2018-11-27,6.86180305480957,6.9074946729630256,6.523147622492066,6.550025135402201,90759000
2018-11-28,6.821485996246338,6.953185747953402,6.732790569423667,6.853739111748163,92811300
2018-11-29,6.765043258666992,6.853738679901054,6.687098533492228,6.7086004382566715,65584300
2018-11-30,6.842987537384033,6.86986504676102,6.738165814724222,6.748917023533358,90874500
2018-12-03,6.972000598907471,7.130577365773668,6.934371874681739,7.068758930490656,90530000
2018-12-04,6.81073522567749,7.0768215032609785,6.81073522567749,7.0553195973748135,66867500
2018-12-05,6.8698649406433105,6.912868749923876,6.705913110003348,6.845675233842263,54183300
2018-12-06,6.609155178070068,6.751605636011818,6.533898245311913,6.7166647158346375,99037200
2018-12-07,6.657534122467041,6.845675671948648,6.571526498401635,6.590340602085208,87994700
2018-12-10,6.300062656402588,6.69247244739656,6.300062656402588,6.657532053222108,73871100
2018-12-11,6.259748935699463,6.469392402278087,6.20061830654475,6.429076390447268,64017600
2018-12-12,6.262434482574463,6.423698997660682,6.235557490598227,6.380695195323791,63296400
2018-12-13,6.278562068939209,6.302751774824177,6.17105203716343,6.259747967172196,61946100
2018-12-14,6.195241451263428,6.270498367432839,6.171051746517752,6.203304857060586,45231700
2018-12-17,6.146862506866455,6.254372020101219,6.1280478934852995,6.240933010543251,53832000
2018-12-18,5.913028717041016,6.128047738056921,5.913028717041016,6.122672647015861,74740000
2018-12-19,5.980222702026367,6.195241740186963,5.929155488221041,6.047416215532281,171157500
2018-12-20,5.775954723358154,5.999037181747006,5.738326517470785,5.996349379519929,141767000
2018-12-21,5.792081356048584,5.907654295207702,5.711449335198257,5.75176534562342,90384300
2018-12-26,6.027441501617432,6.0274415016174325,5.677138108411448,5.724401277263325,77104200
2018-12-27,6.024660587310791,6.11084616912782,5.916233547919103,5.982957920643078,74083700
2018-12-28,6.305459976196289,6.3471626471998475,6.1386487619038235,6.146989508215828,61634700
2019-01-02,6.689126491546631,6.72804945103878,6.194253787730924,6.269318396889247,104534800
2019-01-03,6.853157043457031,6.900420217423423,6.6168411736250725,6.661324098501877,95206400
2019-01-04,6.872617244720459,6.933781655127502,6.803112618551157,6.908759947284296,72119800
2019-01-07,6.981044292449951,7.206239115674029,6.86705675660331,6.908759423085075,121711900
2019-01-08,6.9393415451049805,7.067230331580167,6.886518411603555,7.061669834281635,68761800
2019-01-09,7.083910942077637,7.089471439100558,6.992164862312169,7.033867529427712,70177600
2019-01-10,7.02274751663208,7.0644501864255975,6.969923852078575,7.02274751663208,54763700
2019-01-11,6.947680950164795,7.003284851862257,6.9059782890307515,6.992163859411522,53980700
2019-01-14,6.9087605476379395,6.975484930925262,6.855936878681128,6.900419800872676,46577300
2019-01-15,6.9031982421875,6.983823848971729,6.867056076225065,6.903198242187501,53731500
2019-01-16,6.900420665740967,6.9226621296243875,6.8559377379741235,6.894860167200529,40425000
2019-01-17,6.99494743347168,7.033869864999821,6.86149864227946,6.88095985804353,50359400
2019-01-18,7.061669826507568,7.106152744290434,7.028307903309524,7.072790821092389,67021300
2019-01-21,7.097813129425049,7.097813129425049,6.9782650789101135,7.036648714587685,45336500
2019-01-22,6.9866042137146,7.089471285294205,6.95602254130837,7.022746913301287,61307000
2019-01-23,7.070011615753174,7.100593825096176,6.994946482063053,7.042209655466653,52931600
2019-01-24,7.100593566894531,7.100593566894532,7.039429150432674,7.061670611797458,40109000
2019-01-28,6.886517524719238,7.097811622347928,6.878176779845608,7.031087254193311,65079900
2019-01-29,7.053328990936279,7.106152119736974,6.981044123322623,7.019966540392222,59419200
2019-01-30,7.122833251953125,7.209018826963754,7.081130058300695,7.175656378097437,62607500
2019-01-31,7.111712455749512,7.217359241240458,7.106151959071528,7.19233806674583,63253600
2019-02-01,7.172876834869385,7.186778077545949,7.053329329520051,7.089471499922745,47957400
2019-02-04,7.236823081970215,7.261844794012006,7.11727502005461,7.183999408739954,53874900
2019-02-05,7.250723838806152,7.256284337131241,7.1756587022523695,7.203460663599508,40989100
2019-02-06,7.086692810058594,7.183999409083741,7.0394296351194265,7.1728784124965,64527000
2019-02-07,6.975485801696777,7.18677997362227,6.855937734529086,7.117275332736713,55614100
2019-02-08,6.9866042137146,7.028307410203573,6.875396927059737,6.894858135939566,40153900
2019-02-11,6.905980110168457,6.997726200968448,6.822574765906009,6.997726200968448,39617300
2019-02-12,7.150636196136475,7.186778900958342,7.014407183967067,7.039428893373515,72467200
2019-02-13,7.2423834800720215,7.286866408503856,7.186780084671397,7.234043262415012,69042200
2019-02-14,7.4925994873046875,7.4925994873046875,7.228481675511244,7.275744846139179,81125500
2019-02-15,7.4620161056518555,7.512059517298946,7.425873406005325,7.467576602563348,63841800
2019-02-18,7.439774990081787,7.448115735832217,7.3424684107728995,7.392511824719081,43379000
2019-02-19,7.612146377563477,7.617706874889331,7.46201666171288,7.467577159038735,58041900
2019-02-20,7.517620086669922,7.689991250362241,7.470356923023027,7.645508335197889,55114500
2019-02-21,7.617707252502441,7.642728961430913,7.4564565340068665,7.556543369720753,46559400
2019-02-22,7.542643070220947,7.701114090038052,7.542643070220946,7.659410883082954,36602000
2019-02-25,7.423094272613525,7.514840357768155,7.40363253189012,7.5064996117438385,54190800
2019-02-26,7.3897318840026855,7.545422099216271,7.3869516353033795,7.43977530003375,46504200
2019-02-27,7.528740406036377,7.576003568777492,7.403631878110436,7.462016034568598,49131400
2019-02-28,7.52318000793457,7.715012909846481,7.395291760178748,7.706672164449206,93065100
2019-03-01,7.423094272613525,7.576004237778504,7.40363253189012,7.545422032634223,41978700
2019-03-06,7.439774990081787,7.439774990081788,7.359149371995561,7.381390830385176,18423400
2019-03-07,7.442553520202637,7.481475930827849,7.364708168674139,7.45089373374914,32835300
2019-03-08,7.41475248336792,7.436993939358615,7.289643961996426,7.364709074819323,49564400
2019-03-11,7.7150139808654785,7.723354727420637,7.509280338342455,7.512060587194174,66742800
2019-03-12,7.645509243011475,7.773397506724657,7.576004613529553,7.726134867744061,64287300
2019-03-13,7.812320709228516,7.820660925654531,7.65106998489373,7.67053119692544,61057200
2019-03-14,7.837340831756592,7.840121080094928,7.759495469117613,7.826219838403245,42777800
2019-03-15,7.854024410247803,7.892946839405984,7.815101981089621,7.829002697138022,61041100
2019-03-18,7.990251541137695,8.00415278415634,7.856802789827912,7.881824496983271,91920600
2019-03-19,8.118141174316406,8.201546520035977,7.951329952599006,8.020834584124735,69423600
2019-03-20,8.05419635772705,8.229348322809729,8.03473514611303,8.118141020530864,68878000
2019-03-21,7.94020938873291,8.054196948210382,7.762277692041887,8.018054771174375,80121300
2019-03-22,7.506499290466309,7.8234402019303095,7.5064992904663095,7.767836821649326,104731100
2019-03-25,7.601027488708496,7.670532128853762,7.456457709939547,7.459237959178756,104772900
2019-03-26,7.959670543670654,7.973571788797093,7.7066737154305445,7.7122342134811195,91549100
2019-03-27,7.601027488708496,7.84290333945816,7.601027488708496,7.84290333945816,66415400
2019-03-28,7.801199436187744,7.801199436187745,7.49259924300008,7.576004585963614,69412700
2019-03-29,7.801199436187744,7.931868478516382,7.712233595619112,7.909627018374224,51587400
2019-04-01,7.784519672393799,7.901287488690838,7.748377492951573,7.895726990229474,42289800
2019-04-02,7.865144729614258,7.867924448361765,7.745596672896821,7.823441524505734,38460600
2019-04-03,7.656630992889404,7.940209506113304,7.656630992889405,7.931869289131546,55120900
2019-04-04,7.915186405181885,7.915186405181886,7.609366483226354,7.720573775780929,52248100
2019-04-05,8.001372337341309,8.031954010668352,7.842901352523634,7.934647963339324,54708900
2019-04-08,8.132040977478027,8.170963397082916,8.056975856573002,8.079217314958395,55270000
2019-04-09,8.10701847076416,8.129259926955466,7.970789485307643,8.070876303307593,43863700
2019-04-10,8.001372337341309,8.22100666881307,8.001372337341309,8.215446171743357,62005200
2019-04-11,7.784519672393799,7.979132876314971,7.748377492951573,7.979132876314971,56126400
2019-04-12,7.18121862411499,7.498159579306773,7.108933742526322,7.359150314008164,227307600
2019-04-15,7.209018707275391,7.389730599082475,7.103371396184516,7.325786480951651,117567200
2019-04-16,7.428654670715332,7.523181010029405,7.125614441198727,7.214580813118865,95149300
2019-04-17,7.436994552612305,7.601025502923953,7.289644563099654,7.539861626475512,103988400
2019-04-18,7.673309803009033,7.753934882775865,7.576003233405082,7.606585434494989,100942100
2019-04-22,7.6288275718688965,7.75393557514972,7.5954651194937615,7.698332194895417,45321900
2019-04-23,7.695550918579102,7.78451673932691,7.695550918579102,7.706671381033518,52199500
2019-04-24,7.673309803009033,7.753934882775865,7.564882240180337,7.706671722126983,57704700
2019-04-25,7.728914260864258,7.803979384811009,7.6260477105178675,7.631608207909083,55201700
2019-04-26,7.581319808959961,7.725990993220951,7.528459081893392,7.700951729381538,52616600
2019-04-29,7.614707946777344,7.684261360307588,7.606361346119559,7.6647859587727565,27689800
2019-04-30,7.5423712730407715,7.695388549042449,7.506203205923777,7.656438812747555,39570700
2019-05-02,7.436649799346924,7.4616890671413865,7.378225194926748,7.456124667486981,37820300
2019-05-03,7.470036506652832,7.5312433177831135,7.470036506652831,7.483946976702763,33334800
2019-05-06,7.4477763175964355,7.447776317596436,7.333708812868827,7.342054879143894,31715900
2019-05-07,7.330926895141602,7.417172944077324,7.266937908210266,7.414390744995498,52454400
2019-05-08,7.614707946777344,7.642528887669096,7.314237221552705,7.319801091340796,71780300
2019-05-09,7.464471817016602,7.5451540259997705,7.411611077705228,7.539589625935331,46663300
2019-05-10,7.4227399826049805,7.48951119236952,7.350404372697463,7.475600722662476,33336000
2019-05-13,7.205732345581055,7.364314017336279,7.183475278153135,7.291978415532952,43146100
2019-05-14,7.233554363250732,7.297543370646474,7.19182242497744,7.280850701467234,34968600
2019-05-15,7.200168609619141,7.202950809635328,7.1389618012142115,7.161218870693312,37053900
2019-05-16,7.030457496643066,7.244682086775199,7.02211089796833,7.169564290653494,46502200
2019-05-17,6.866312026977539,7.072190036116936,6.807886892537111,6.9692507662220615,67291200
2019-05-20,7.100012302398682,7.100012302398682,6.855183999198499,6.866312799639604,54472000
2019-05-21,7.369876861572266,7.369876861572265,7.072188448551885,7.150088433435349,57846700
2019-05-22,7.341952323913574,7.392220091475622,7.249793418396887,7.355915503903947,48439300
2019-05-23,7.216279983520508,7.238621386179724,7.126914372883643,7.2330359023496555,49527400
2019-05-24,7.286098480224609,7.3615009299550165,7.241415665420182,7.3028544026109765,35915100
2019-05-27,7.327988624572754,7.411769302650694,7.308439959486254,7.344744547123873,33892000
2019-05-28,7.484378337860107,7.484378337860107,7.2972688527805465,7.2972688527805465,60774600
2019-05-29,7.400597095489502,7.4592430809462495,7.333572883827041,7.397804353420931,43124400
2019-05-30,7.302855014801025,7.501135488195816,7.2581721962508885,7.403391622869438,71847200
2019-05-31,7.135293960571289,7.336367170555385,7.098989371358159,7.202318719006786,63137200
2019-06-03,7.2581706047058105,7.350328964339971,7.2190732802128625,7.227450973940725,53470600
2019-06-04,7.3168182373046875,7.3642937954096395,7.269342679199735,7.3419523876344375,37331100
2019-06-05,7.221867084503174,7.341952350434384,7.13808640627478,7.311232715151188,65282100
2019-06-06,7.339157581329346,7.436900879947479,7.182767238218277,7.308437954528774,87836900
2019-06-07,7.473208904266357,7.492757571612469,7.364294596103029,7.453660236920245,52235500
2019-06-10,7.442488670349121,7.509512895602444,7.4061840814181865,7.428525489835961,39666800
2019-06-11,7.584913730621338,7.6212188444682605,7.459243002168269,7.5095112935494965,52437000
2019-06-12,7.4983415603637695,7.573744004497953,7.439695037372361,7.545817114152574,43392200
2019-06-13,7.5904998779296875,7.64914586789134,7.562572987759847,7.5821216510803975,48981600
2019-06-14,7.5569868087768555,7.610047841957625,7.512304001675495,7.596084664486353,42802400
2019-06-17,7.570950984954834,7.660316604658642,7.5290603846402036,7.5625727583596865,49290000
2019-06-18,7.665903091430664,7.685451756714371,7.610049305481922,7.624012485638517,31332800
2019-06-19,7.685451030731201,7.7049996941683006,7.601670359722177,7.6379754769577595,33286300
2019-06-21,7.897694110870361,7.928413208742231,7.805535751932566,7.805535751932566,58424700
2019-06-24,7.88931941986084,7.925624018218416,7.853014821503262,7.908868090719637,27365000
2019-06-25,7.682659149169922,7.864183157701765,7.646354027866839,7.858597672476493,56472100
2019-06-26,7.7273406982421875,7.7999503962780095,7.685450631245662,7.693828325048306,48901500
2019-06-27,7.604464054107666,7.693829688243713,7.543025313804434,7.663110584422694,55219200
2019-06-28,7.654732704162598,7.710586494365177,7.570952551519948,7.665903675267602,40262000
2019-07-01,7.6128411293029785,7.827877486794816,7.598877418170389,7.774816449813207,46759100
2019-07-02,7.489963054656982,7.612841048005986,7.442487502635397,7.612841048005986,57954200
2019-07-03,7.5904998779296875,7.596085362495881,7.5095119497032625,7.551402551288587,29291800
2019-07-04,7.649145126342773,7.702206159255341,7.629596464917372,7.646352384330419,28577400
2019-07-05,7.651937484741211,7.704998514993675,7.5765350521710335,7.615632905722819,27414700
2019-07-08,7.721755027770996,7.741303689720673,7.663109041921965,7.679864961784389,25318200
2019-07-10,7.839048862457275,7.894902648358819,7.8111219695065035,7.819500197190089,50715800
2019-07-11,7.931206226348877,7.961925857948916,7.8641820113987935,7.875352980221029,48206900
2019-07-12,7.967512130737305,8.026158124873675,7.933999753615692,7.970304873219203,40908900
2019-07-15,7.869769096374512,8.001024810764092,7.869769096374511,7.984268886784005,36592400
2019-07-16,7.772024154663086,7.911658078054561,7.707792677741682,7.897694898779872,54789300
2019-07-17,7.730133533477783,7.819499152856075,7.718962564724942,7.816706410667865,28923500
2019-07-18,7.682659149169922,7.766439296904252,7.6603177409300205,7.75247611650226,35830700
2019-07-19,7.663110256195068,7.707793071349229,7.643561591147769,7.679866178712586,28418900
2019-07-22,7.677071571350098,7.749681261503328,7.6407669926040045,7.713376682757235,22304400
2019-07-23,7.685451030731201,7.71617013070616,7.651938655795365,7.682658288431454,21124400
2019-07-24,7.637973785400391,7.7189611635125255,7.6240100769941535,7.704997987767299,27939600
2019-07-25,7.509512424468994,7.679865985880087,7.48717101745288,7.671487758501109,26892300
2019-07-26,7.3000617027282715,7.4843784480380515,7.288891265292524,7.4843784480380515,75644000
2019-07-29,7.36708402633667,7.38384047716279,7.2497915338589936,7.322401222789082,26493300
2019-07-30,7.327988624572754,7.3978055899737845,7.311232702021636,7.358708259800784,38201600
2019-07-31,7.2833051681518555,7.400597681006325,7.266549247075825,7.369878048482663,39890200
2019-08-01,7.330779075622559,7.417351936513399,7.026377159012398,7.344742251273627,91345800
2019-08-02,7.406182765960693,7.509511561792091,7.339158552611953,7.3642926992003686,64112900
2019-08-05,7.135293960571289,7.297269306024479,7.12691626526275,7.205110929002167,48277000
2019-08-06,7.227452278137207,7.322403397034985,7.171599023448697,7.233037763404416,44208100
2019-08-07,7.149256229400635,7.185560811278696,6.981695432488689,7.104573421245594,67698500
2019-08-08,7.358707904815674,7.358707904815674,7.221866723150234,7.288890942782624,50256700
2019-08-09,7.339157581329346,7.453657330562897,7.288889294805148,7.344742532206791,36641500
2019-08-12,7.163219928741455,7.238622372740902,7.132500828811447,7.238622372740902,36122000
2019-08-13,7.258917331695557,7.354614077236477,7.10129796255827,7.137888384155055,45330500
2019-08-14,7.014044761657715,7.143517239945628,6.9746401877174025,7.109742044238805,54401100
2019-08-15,6.819836139678955,7.036562390138528,6.794504472126688,7.033747700760819,53894500
2019-08-16,6.729769229888916,6.971827183973598,6.724139850294578,6.957753734987753,56782000
2019-08-19,6.76354455947876,6.895831750821378,6.712881219903711,6.839539031994179,50699300
2019-08-20,6.760728359222412,6.808576998479993,6.665031080707252,6.729767317100733,37141700
2019-08-21,7.163219928741455,7.31520938025138,6.805762470358543,6.853611110747177,87840800
2019-08-22,7.098482608795166,7.239213830088983,7.08159501255707,7.177292285984626,40808800
2019-08-23,6.833909034729004,7.140703173113171,6.819835588976895,6.974640271167721,58032300
2019-08-26,6.743841171264648,6.946494512711777,6.690363683357974,6.918348155638886,39688800
2019-08-27,6.850798606872559,6.985900503940643,6.701623259997037,6.802949951221709,70475200
2019-08-28,6.9211626052856445,6.952123650678062,6.7888754295266525,6.811392407035568,41981500
2019-08-29,7.177292823791504,7.177292823791504,6.946493689470991,7.008415238215235,61008800
2019-08-30,7.177292823791504,7.230770842207515,7.084410232251613,7.185736890966783,54958200
2019-09-02,7.121001720428467,7.199811421276326,7.106928808813247,7.146333390813594,19049900
2019-09-03,7.205438137054443,7.222325732119367,7.045004641820252,7.067521614189139,47829600
2019-09-04,7.391204357147217,7.422165399928363,7.318024052203536,7.363058003423179,56179000
2019-09-05,7.427793025970459,7.540378422447062,7.413720119834362,7.486900412805371,48586800
2019-09-06,7.464383602142334,7.560080869106746,7.374315712492762,7.43060787510026,48502200
2019-09-09,7.579783916473389,7.605115580095194,7.515047681371894,7.529120589229776,37303000
2019-09-10,7.627631664276123,7.697997269044635,7.537563776067941,7.6135582212142445,44109400
2019-09-11,7.562896251678467,7.697998098548751,7.5516374960157675,7.697998098548751,51540400
2019-09-12,7.6163716316223145,7.638888599895489,7.498157413976431,7.560079479362813,41028300
2019-09-13,7.565711975097656,7.655780428564846,7.548824374943178,7.633263449409831,24709400
2019-09-16,7.897835731506348,7.948499055417839,7.793694931774492,7.914723864041503,167634600
2019-09-17,7.793696403503418,7.81058400238057,7.644521092355162,7.785252335641299,67414800
2019-09-18,7.661407470703125,7.737402458814274,7.661407470703125,7.703627266440654,40567100
2019-09-19,7.681111812591553,7.838730660835989,7.661408986819778,7.833101282044052,42155100
2019-09-20,7.599487781524658,7.72051674690374,7.599487781524657,7.697999767543478,51946900
2019-09-23,7.734589099884033,7.737403789206968,7.576970255729338,7.599487233465723,32643100
2019-09-24,7.675480842590332,7.751475829985562,7.641705113687896,7.7177001010831265,36643400
2019-09-25,7.695183753967285,7.697998443008908,7.537564925565695,7.6079305410651425,29038400
2019-09-26,7.796509265899658,7.796509265899658,7.664221584626424,7.712070217605622,33705900
2019-09-27,7.785252571105957,7.866876952367245,7.745847993585117,7.754291524855523,31886800
2019-09-30,7.754289150238037,7.7796208099860795,7.712069896273613,7.757103838748591,23143400
2019-10-01,7.7430338859558105,7.804955446261814,7.700814615890485,7.768365555364436,32423200
2019-10-02,7.520677089691162,7.672667082886596,7.489716582699067,7.661408326273425,51261200
2019-10-03,7.526306629180908,7.546008916828839,7.396834146439039,7.5291213183944805,46076300
2019-10-04,7.4615702629089355,7.576969834498318,7.39401933345518,7.55726754718019,47951600
2019-10-07,7.365870475769043,7.4868993845666045,7.346168195145604,7.422163166276196,26252500
2019-10-08,7.323652744293213,7.441866989383117,7.30395045958606,7.365872002500965,30418900
2019-10-09,7.464383602142334,7.517861076092411,7.360242269205661,7.416534968660128,35141400
2019-10-10,7.526306629180908,7.565711204476769,7.47001445545069,7.484087364671476,31056500
2019-10-11,7.672666072845459,7.700812423826097,7.579783490402249,7.579783490402249,37055300
2019-10-14,7.686739921569824,7.692369299824972,7.582599108084873,7.610745462513555,20809900
2019-10-15,7.768363952636719,7.847173097339937,7.686739582083202,7.686739582083202,30455300
2019-10-16,7.86124849319458,7.872506715154423,7.70081493812484,7.7542924319166415,31381300
2019-10-17,7.785252571105957,7.880949862382657,7.765550282345537,7.861247573622237,31405400
2019-10-18,7.768363952636719,7.878134139528792,7.768363952636719,7.849987786343199,36070900
2019-10-21,7.816211223602295,7.827469440797318,7.768362592617829,7.8105818465813135,43337700
2019-10-22,8.041383743286133,8.072344790863353,7.816213952307611,7.82465748393985,64228700
2019-10-23,8.148338317871094,8.184928200947077,8.007607089837721,8.03012406484918,45930600
2019-10-24,7.971017360687256,8.23277755340913,7.9456856944982315,8.204631197993871,60529900
2019-10-25,8.23277759552002,8.317216125350624,8.16522666428612,8.218704686163946,74476900
2019-10-28,8.331294059753418,8.348181667447744,8.196192124504075,8.224337958378827,37461800
2019-10-29,8.393210411071777,8.426986142242086,8.235591584920076,8.274996157246242,49994200
2019-10-30,8.466390609741211,8.469205298707806,8.2946983407081,8.379137399164872,63001200
2019-10-31,8.553644180297852,8.57334646704616,8.34254733054245,8.40446941671948,67070400
2019-11-01,8.564901351928711,8.790071068600597,8.398838484565589,8.609935295263087,101210200
2019-11-04,8.54520034790039,8.787257695342895,8.432614935865331,8.694375106206893,81023400
2019-11-05,8.345361709594727,8.612751257423453,8.325659423578363,8.559273240488302,92980900
2019-11-06,8.362251281738281,8.640899651303823,7.909096985788825,8.457948582289704,154003100
2019-11-07,8.697190284729004,8.745038926483039,8.31440168754378,8.443874167085841,96329000
2019-11-08,8.449504852294922,8.666231118282067,8.424173182927742,8.570533819972084,61567700
2019-11-11,8.570531845092773,8.570531845092773,8.384766670436804,8.401654267174521,30570500
2019-11-12,8.50562858581543,8.67279454474163,8.502795200360898,8.511295356724492,41655600
2019-11-13,8.47162914276123,8.53679539191474,8.389463120005294,8.485796071107465,41827700
2019-11-14,8.301628112792969,8.528294056944032,8.293128497910883,8.465960665606339,44595200
2019-11-18,8.239295959472656,8.45746176680034,8.236462574134414,8.414962067552699,54468100
2019-11-19,8.154295921325684,8.355461400843785,8.140128995745776,8.287461779299091,33740200
2019-11-21,8.4574613571167,8.4574613571167,8.182628937163184,8.196795863168141,53033100
2019-11-22,8.494295120239258,8.596294835865816,8.37529563214595,8.431962260919152,34786000
2019-11-25,8.42345905303955,8.528292116169775,8.39512574891683,8.477292276831442,29868400
2019-11-26,8.270462989807129,8.423462021323548,8.244963061152221,8.392295862177676,54147800
2019-11-27,8.310129165649414,8.400795336937342,8.256295923792328,8.31579593645816,33072500
2019-11-28,8.366796493530273,8.369629879171908,8.162797050636906,8.307296475882023,46602800
2019-11-29,8.259127616882324,8.37529369259391,8.219461310174825,8.35546053924016,37699000
2019-12-02,8.236461639404297,8.358294493057304,8.236461639404297,8.329961183303336,31353600
2019-12-03,8.210962295532227,8.27046230426604,8.14012928634286,8.264795533831778,29194000
2019-12-04,8.403627395629883,8.403627395629883,8.24779500588222,8.290294699412225,44960000
2019-12-05,8.514127731323242,8.610460669802407,8.363962093421536,8.397961636171248,50447000
2019-12-06,8.599127769470215,8.667127396176934,8.536794373012643,8.542461143674785,44348600
2019-12-09,8.559459686279297,8.635959457995375,8.533960302786854,8.584959610184656,34694100
2019-12-10,8.624627113342285,8.624627113342285,8.471627558297076,8.52829418025744,27532700
2019-12-11,8.61329460144043,8.701127389596893,8.57362828557874,8.644461301282055,38458300
2019-12-12,8.774791717529297,8.79745825558234,8.635959104402797,8.681292180508883,47797800
2019-12-13,8.494295120239258,8.77479379779927,8.463128960785717,8.752127254372592,105004400
2019-12-16,8.332796096801758,8.548128533852154,8.332796096801758,8.514128447828183,68871000
2019-12-17,8.4574613571167,8.471627742708687,8.338461880739901,8.397961348721816,40679900
2019-12-18,8.652960777282715,8.661460392634403,8.414961820001773,8.429128205863242,64201600
2019-12-19,8.672791481018066,8.712457782543067,8.618958257224973,8.627458410585827,39696000
2019-12-20,8.573628425598145,8.669961371760946,8.505628794261996,8.669961371760946,93064900
2019-12-23,8.64162826538086,8.64162826538086,8.508462385020408,8.55379547367133,21970200
2019-12-26,8.757793426513672,8.763460197086129,8.641627331843244,8.667127259006312,24810500
2019-12-27,8.766968727111816,8.881869909743337,8.7009006155852,8.81580179821672,24995100
2019-12-30,8.669303894042969,8.821547778560372,8.660686098584721,8.775587298567329,22111600
2020-01-02,8.818674087524414,8.818674087524414,8.706644958975309,8.764095822225723,37774500
2020-01-03,8.746862411499023,8.973792213030261,8.746862411499023,8.8703808590761,71595600
2020-01-06,8.850272178649902,8.887615406701784,8.603234764602709,8.741116188427943,81844000
2020-01-07,8.815802574157715,8.87038029827892,8.752606507229004,8.85314525634023,32822000
2020-01-08,8.761224746704102,8.838783261201824,8.686538830657273,8.81580302148681,48215600
2020-01-09,8.732499122619629,8.795695191398336,8.689411242565496,8.752606763452082,36102700
2020-01-10,8.695154190063477,8.743987254263821,8.65493837090956,8.729624266033143,25397500
2020-01-13,8.71238899230957,8.741114420101695,8.677918369380626,8.718134187446388,30676800
2020-01-14,8.617596626281738,8.695155127412363,8.551528516974333,8.683664735589142,39796500
2020-01-15,8.488334655761719,8.597491214779954,8.485462604954241,8.588873418680985,34405700
2020-01-16,8.479715347290039,8.531421015536887,8.42513708104147,8.502695583411745,28997400
2020-01-17,8.57451057434082,8.57451057434082,8.485462210361133,8.537167340874008,34908000
2020-01-20,8.617596626281738,8.646322057947751,8.51705788939671,8.531420879175736,31241400
2020-01-21,8.508441925048828,8.600362881912504,8.488333736329293,8.560147052365554,28577400
2020-01-22,8.41364860534668,8.563019890485918,8.407903408408828,8.54003965062664,32491500
2020-01-23,8.517059326171875,8.548657361124086,8.278639134540418,8.356197648754684,53752100
2020-01-24,8.416520118713379,8.554402096960445,8.370559641928391,8.49120603046201,36898700
2020-01-27,8.051708221435547,8.226932318892446,7.948296883473272,8.224059720849933,66105300
2020-01-28,8.272891998291016,8.370558130800578,8.163736022605503,8.166608620372491,47259100
2020-01-29,8.287257194519043,8.353325317081646,8.235551516724955,8.330345076716736,42297500
2020-01-30,8.313108444213867,8.341833876151654,8.094795928535547,8.123521360473333,44266800
2020-01-31,8.172355651855469,8.284384250475595,8.132139821975017,8.224060779600979,55446700
2020-02-03,8.094795227050781,8.252784267179415,8.089050031582687,8.192461358440408,39452800
2020-02-04,8.224061012268066,8.341835358936928,8.203953370705037,8.229806209255258,57658400
2020-02-05,8.155120849609375,8.393541061955608,8.155120849609375,8.344707980010371,67994500
2020-02-06,8.382051467895508,8.476845035955035,8.077563120172808,8.244170013971138,126114000
2020-02-07,8.310237884521484,8.430884289938058,8.252787006554666,8.330345527442216,54514600
2020-02-10,8.367684364318848,8.367684364318848,8.22693038074759,8.298743671216105,45328100
2020-02-11,8.468225479125977,8.511313356033076,8.405029962855036,8.445245241582718,37518200
2020-02-12,8.654939651489258,8.698028074664647,8.511313035283454,8.514185633354616,64851000
2020-02-13,8.5371675491333,8.677921594951634,8.51418730793627,8.55153054231405,55277100
2020-02-14,8.450989723205566,8.606106176530687,8.428009487605843,8.57738129295006,30399900
2020-02-17,8.433754920959473,8.551528700210874,8.419391930872687,8.51131287585992,38684900
2020-02-18,8.545783996582031,8.551529192947783,8.315981620872792,8.347579105100262,33890900
2020-02-19,8.775586128234863,8.775586128234863,8.548656357019606,8.58025438826039,44181800
2020-02-20,8.594615936279297,8.873251348561325,8.54578286939564,8.847398516217506,73522900
2020-02-21,8.370558738708496,8.525675742039104,8.338961256760886,8.476842672237842,47805100
2020-02-26,7.528907775878906,7.867866714585644,7.477202648660898,7.767328510640527,89207100
2020-02-27,7.267506122589111,7.62082799354624,7.149732348234076,7.388152494842076,100112100
2020-02-28,7.278998374938965,7.342193901172278,7.072176204445438,7.227292695342541,89095300
2020-03-02,7.620828628540039,7.684024143884108,7.319212398829905,7.324957595104477,71596400
2020-03-03,7.48294734954834,7.893719607009483,7.39964418743019,7.63231917915096,86855700
2020-03-04,7.724239826202393,7.738602817640383,7.537525320645331,7.72998502277759,42320500
2020-03-05,7.264634609222412,7.661043834255209,7.0980272061872745,7.563377690079058,69722300
2020-03-06,6.557992935180664,6.9314220127485004,6.477561812491072,6.922804764244322,138597600
2020-03-09,4.610414028167725,5.236626144439019,4.426572140048462,5.115979768387742,254813800
2020-03-10,5.04416561126709,5.357271616573261,4.702334726707983,5.357271616573261,170478000
2020-03-11,4.552963733673096,4.9206475116557,4.308798382423993,4.797129084922198,132482400
2020-03-12,3.619391441345215,3.9813303663228754,3.1827663237966926,3.9238797650523005,151535900
2020-03-13,4.423699855804443,4.423699855804443,3.6481161504291246,4.337524101609663,174972600
2020-03-16,3.7601449489593506,4.050270786607031,3.6050282105841815,3.7084392781856157,126432800
2020-03-17,3.734292507171631,3.9755852976202455,3.734292507171631,3.906644578619517,149228500
2020-03-18,3.243088483810425,3.524596750697494,3.1224421228511083,3.386715077909994,162515200
2020-03-19,3.507361888885498,3.75439956381266,3.116697601430586,3.1798931137016595,157065200
2020-03-20,3.447038173675537,3.8779179453849797,3.398205110966122,3.7658891061199715,149029900
2020-03-23,3.3034119606018066,3.4987442337609855,3.240216176824541,3.4786363225001207,107092400
2020-03-24,3.806105375289917,3.8894088027346476,3.527469659790219,3.6107730872349495,114259200
2020-03-25,4.113466262817383,4.248475360801996,3.685459005784028,3.8032327890264646,158286200
2020-03-26,4.133574962615967,4.363377376620758,3.9669680754894494,4.136447287331461,130618400
2020-03-27,3.820467948913574,3.932496531385751,3.8061052328682625,3.8204679489135738,101405900
2020-03-30,3.8434488773345947,3.9468599583856068,3.6854595202693274,3.7773804812035605,110947200
2020-03-31,4.018672943115234,4.1766622870305525,3.9066443497876473,3.9066443497876473,156116500
2020-04-01,4.107722282409668,4.1795356080673685,3.826213903379513,3.863556865595049,114455000
2020-04-02,4.45529842376709,4.754041549072124,4.311671784243556,4.4237003877464245,234951200
2020-04-03,4.406466007232666,4.699464527427539,4.288692188939239,4.682228933609795,142898700
2020-04-06,4.529983043670654,4.624776576670528,4.360503613778155,4.610413588099642,123934200
2020-04-07,4.710952281951904,4.903411944253272,4.69371724368533,4.771275737722894,140498900
2020-04-08,4.975225925445557,5.035549389492197,4.710952928237748,4.739678361217479,116151600
2020-04-09,4.83159875869751,5.368762486255937,4.739677821934827,5.1533225852589,185771300
2020-04-13,4.8631978034973145,4.909158281493088,4.690845737067105,4.831599769415677,93724000
2020-04-14,4.805747032165527,4.969481306922751,4.771276946896705,4.889050742700748,91017200
2020-04-15,4.7052083015441895,4.731061139565762,4.555836744230533,4.607542694219742,86749600
2020-04-16,4.515620708465576,4.814364047191649,4.461042443094321,4.788511213483793,115633300
2020-04-17,4.633395195007324,4.633395195007324,4.469661185967323,4.524239188980657,116733000
2020-04-20,4.581688404083252,4.690844651023951,4.406464053806493,4.446679325768966,133739400
2020-04-22,4.8114914894104,4.8114914894104,4.532855786154584,4.552963698065264,114967100
2020-04-23,4.868943214416504,5.006824654469566,4.774149655893505,4.940756532930657,94759000
2020-04-24,4.581688404083252,4.822981405588057,4.389228741575438,4.794255976518296,161188800
2020-04-27,4.725315570831299,4.7482958059450375,4.5328556223482135,4.636266680360039,85944900
2020-04-28,4.9551191329956055,4.9551191329956055,4.777021856418287,4.894796206538676,91613600
2020-04-29,5.22800874710083,5.30843929687984,5.035549070585012,5.113107022458767,94528400
2020-04-30,5.184920787811279,5.291204728195605,5.084382591640795,5.164813148577182,80263900
2020-05-04,4.992461204528809,5.061402466129792,4.935010883717442,5.006824195650717,60268400
2020-05-05,5.153323650360107,5.308440126233976,5.133216009773875,5.14183325694391,75043400
2020-05-06,4.963736057281494,5.18779322809073,4.963736057281494,5.1332155083711815,67937500
2020-05-07,5.009696006774902,5.133214971556144,4.983843174709433,5.098744346171517,81265100
2020-05-08,5.308440208435059,5.337165644528251,5.087255062777234,5.095872857972828,83232700
2020-05-11,5.213645935058594,5.437703648267602,5.202156090938465,5.25673380932016,65061500
2020-05-12,5.2107744216918945,5.408979342022428,5.2079018230909115,5.322803575561585,71837200
2020-05-13,5.052783489227295,5.271095972171653,5.032675854253413,5.245243142093245,87222300
2020-05-14,4.998205661773682,5.018313298478469,4.802873394540879,4.998205661773682,119653200
2020-05-15,4.926393032073975,5.225136669249841,4.926393032073975,5.167685801210764,133733100
2020-05-18,5.325675964355469,5.325675964355469,5.147578693355867,5.199284370352272,116999500
2020-05-19,5.3658905029296875,5.4377038114851866,5.288331998195652,5.317057431196265,80131600
2020-05-20,5.5439863204956055,5.584202139463772,5.475045620982716,5.4836634138813185,74595100
2020-05-21,5.512388706207275,5.67899552955593,5.477918083355983,5.601437039059497,81327000
2020-05-22,5.36301851272583,5.42908663259146,5.271097555018499,5.400361196334887,71259400
2020-05-25,5.595692157745361,5.618672391637647,5.532496651514576,5.595692157745361,38033000
2020-05-26,5.650270938873291,5.770917314887711,5.552604798866757,5.739319284917349,68716900
2020-05-27,5.72495698928833,5.72495698928833,5.500899271562092,5.687613762387928,74790800
2020-05-28,5.678997993469238,5.768046364956351,5.587077023173871,5.656017750895397,65023000
2020-05-29,5.84273099899292,5.84273099899292,5.543987363666077,5.615800674324405,128832600
2020-06-01,5.83985710144043,5.9059252010517165,5.745063574378857,5.788151441608306,86579500
2020-06-02,6.147220134735107,6.147220134735107,5.917417727936324,5.960505610724576,77235100
2020-06-03,6.167325973510742,6.293717534239124,6.1500909350134165,6.279355093473351,86219700
2020-06-04,6.155836582183838,6.256375318597634,6.043808001892713,6.144346190414473,107401400
2020-06-05,6.348296165466309,6.615441743263681,6.336805773870193,6.402874429763799,114137700
2020-06-08,6.471816062927246,6.489051104898778,6.322444238128357,6.477560711656352,82444400
2020-06-09,6.239140033721924,6.331061528661578,6.216159796960026,6.328188930579833,96488300
2020-06-10,6.147220134735107,6.2908467759573865,6.032318931335715,6.287974177385882,102551100
2020-06-12,5.917417526245117,6.081151803994997,5.7737908899182555,5.923162723192305,116746700
2020-06-15,5.946142673492432,6.058171269045743,5.612928937274076,5.690486900715233,99931000
2020-06-16,6.1386027336120605,6.293719217354443,6.081151859401021,6.193180461431194,94510600
2020-06-17,6.1587090492248535,6.276482822897417,6.07540535434366,6.170198892857969,63268700
2020-06-18,6.204669952392578,6.253503023997077,6.055298139497402,6.0840235724221765,56893300
2020-06-19,6.167325973510742,6.382765872349303,6.095512673897889,6.319570365931111,91139800
2020-06-22,6.017956733703613,6.204671265387964,6.003593740255785,6.204671265387964,45419000
2020-06-23,6.219033241271973,6.33967963766143,6.07253400652105,6.095514246409892,78950900
2020-06-24,6.032317638397217,6.193179288678039,5.949013941354981,6.17307165087944,65162400
2020-06-25,6.167325973510742,6.167325973510743,5.954758672403735,6.00646433578771,47263500
2020-06-26,5.986357688903809,6.167326992763903,5.969122647558106,6.09264108307641,55499300
2020-06-29,6.22190523147583,6.22190523147583,6.012210494503898,6.061043567980164,59809600
2020-06-30,6.190306663513184,6.262119968416547,6.0581704454791705,6.129983750382534,65010600
2020-07-01,6.236268043518066,6.391385067699897,6.181690318321154,6.247758436965068,78983900
2020-07-02,6.3368072509765625,6.379895133721702,6.279356923280429,6.3482976452510815,56345900
2020-07-03,6.313826084136963,6.371276951297715,6.262120413270701,6.305208837587302,24060000
2020-07-06,6.466070175170898,6.566608913727466,6.408619310883703,6.431599547020172,58070900
2020-07-07,6.3856401443481445,6.454580864305188,6.359787305877736,6.417238179788009,46591300
2020-07-08,6.506285667419434,6.537883698615524,6.434472358622548,6.448835349117164,49136300
2020-07-09,6.3597869873046875,6.552246693003669,6.336806748470127,6.543629445873279,57151500
2020-07-10,6.466070175170898,6.506285451436707,6.336806004470732,6.374149230625023,57428300
2020-07-13,6.365530490875244,6.506284484785529,6.365530490875244,6.494794642370387,55425500
2020-07-14,6.578098297119141,6.595333336041337,6.279355248269035,6.356913197364923,89380500
2020-07-15,6.704489707946777,6.730342539686037,6.563735706195249,6.664274435415482,58390600
2020-07-16,6.526394844055176,6.687257088146974,6.4689445122157005,6.652786450729533,69698700
2020-07-17,6.532138347625732,6.615442046844264,6.486177874916215,6.5579911820113415,49927600
2020-07-20,6.532138347625732,6.580971418366101,6.468942834623158,6.520648503394379,48679800
2020-07-21,6.713109016418457,6.779177135601693,6.6470403493431,6.6499129477283,101769600
2020-07-22,6.621185779571533,6.724597102816367,6.609695936928761,6.6929990767377845,43085500
2020-07-23,6.483435153961182,6.673026038771959,6.474817735135346,6.652917997640971,64072100
2020-07-24,6.529397487640381,6.62419294369677,6.440347343563919,6.474818667540382,43380300
2020-07-27,6.6644110679626465,6.678773803216874,6.448966751729843,6.569615590736342,56539600
2020-07-28,6.549506187438965,6.698881026454676,6.549506187438965,6.618448842294802,48353000
2020-07-29,6.655790328979492,6.67877102456726,6.583975586779844,6.61557424867665,44011500
2020-07-30,6.555249214172363,6.583975219028316,6.463326436955691,6.583975219028316,57859000
2020-07-31,6.3771491050720215,6.647172131877198,6.365658483725598,6.583975358180813,75397300
2020-08-03,6.2622456550598145,6.477689893851823,6.239264958171455,6.474817786155931,63598500
2020-08-04,6.256500720977783,6.334060228419417,6.104253265808991,6.164577388030596,63011900
2020-08-05,6.658663749694824,6.687389759456759,6.385767478811044,6.385767478811044,137214700
2020-08-06,6.670152187347412,6.759202850537938,6.609828074769569,6.687388117715021,56375100
2020-08-07,6.546632766723633,6.581103539338364,6.477690125688068,6.566740808732734,56040200
2020-08-10,6.736224174499512,6.736224174499512,6.5035439760082605,6.5782313862507875,52390100
2020-08-11,6.62993860244751,6.859745614633349,6.624193290167081,6.8109115560559665,66342300
2020-08-12,6.744839668273926,6.802291674485958,6.629936203752799,6.710368902869057,67008500
2020-08-13,6.560996055603027,6.773567664491712,6.523652076205917,6.7362242329977,44588200
2020-08-14,6.512161731719971,6.60121187076583,6.471945645938566,6.540887742093722,38422000
2020-08-17,6.492053508758545,6.560995603001448,6.362786739613689,6.515034206839513,52064300
2020-08-18,6.612703800201416,6.675900597183681,6.540889034033902,6.586850440548856,49361300
2020-08-19,6.575357437133789,6.6988788779375845,6.535141357952269,6.5925933692712855,51982100
2020-08-20,6.529397487640381,6.569614123596772,6.420239299537276,6.469073355560454,55251700
2020-08-21,6.480562686920166,6.500670728636145,6.420238561772229,6.474817923503489,38668300
2020-08-24,6.5983405113220215,6.644301917788885,6.549506448463081,6.566742386815543,51841900
2020-08-25,6.569613456726074,6.650045624668106,6.517906749961597,6.632810238380964,37981400
2020-08-26,6.382894039154053,6.578230224062071,6.33118788541634,6.543759454903595,69925300
2020-08-27,6.362787246704102,6.454710046353877,6.331189126763932,6.4116213025059325,35489800
2020-08-28,6.474817752838135,6.474817752838135,6.336933024314465,6.391512384607105,31071000
2020-08-31,6.288100242614746,6.443220388006134,6.288100242614745,6.411621718114598,48539700
2020-09-01,6.569613456726074,6.575358220219755,6.354169210476116,6.37714990815999,66299700
2020-09-02,6.549506187438965,6.63568423205718,6.469074003279091,6.586850171144473,53618000
2020-09-03,6.572484970092773,6.641427604812137,6.4834348431095155,6.494925464863743,87642400
2020-09-04,6.583974838256836,6.615573496561233,6.486306756136824,6.60695553123196,52351100
2020-09-08,6.394385814666748,6.463327913327199,6.293845048656594,6.463327913327199,74490200
2020-09-09,6.529397487640381,6.540888111600237,6.460455387590561,6.460455387590561,42143500
2020-09-10,6.354168891906738,6.486307759988401,6.351296236352394,6.486307759988401,58350000
2020-09-11,6.285226345062256,6.394385066089646,6.247882918123221,6.354168983554835,71013700
2020-09-14,6.227774143218994,6.313951609328396,6.155959405493504,6.302461536201861,46453300
2020-09-15,6.224902153015137,6.342678291635622,6.190430834146763,6.313952283895815,58546700
2020-09-16,6.242137432098389,6.316824831787603,6.204794006205289,6.276608750379186,50379500
2020-09-17,6.362787246704102,6.368532558657988,6.164578367519835,6.178941647404552,60432200
2020-09-18,6.2191572189331055,6.362786718436887,6.190431209451738,6.316825322427921,64243500
2020-09-21,6.0037126541137695,6.1645775316898614,5.977859301729733,6.115744030412271,73300000
2020-09-22,5.974987506866455,6.1329802995177065,5.960624774763208,6.020948907080573,47207700
2020-09-23,5.811249256134033,6.020948188056505,5.8026318370624255,5.974986793331115,57106300
2020-09-24,5.860082626342773,5.949132749799364,5.7624145369118125,5.814121236952084,76310000
2020-09-25,5.782524585723877,5.819868570020301,5.707837712937368,5.788269898369968,40150400
2020-09-28,5.638894081115723,5.906045045990584,5.638894081115723,5.839975605704113,48797400
2020-09-29,5.546970367431641,5.704963124265843,5.529734983234396,5.63889314702093,52878100
2020-09-30,5.633149147033691,5.756670604297009,5.581442439537134,5.601550481807338,69505000
2020-10-01,5.702092170715332,5.762416307361029,5.495265307008602,5.641767486166486,77537300
2020-10-02,5.463665962219238,5.670492231752289,5.463665962219238,5.667619576187562,85306000
2020-10-05,5.7537970542907715,5.791140477288148,5.526862217305028,5.561333532912815,73288500
2020-10-06,5.725072383880615,5.946261961844314,5.725072383880615,5.880191970519256,77064600
2020-10-07,5.684855937957764,5.759542796656562,5.618785950796415,5.7451800656536545,53521000
2020-10-08,5.871572494506836,5.914661223045829,5.704962342360598,5.756669035768553,78070400
2020-10-09,5.6877288818359375,5.857211762516086,5.6877288818359375,5.8428490294021,67962300
2020-10-13,5.782524585723877,5.782524585723877,5.667621072317898,5.719327790326381,55330600
2020-10-14,5.736561298370361,5.851465321982999,5.736561298370362,5.771032615034751,44584300
2020-10-15,5.673363208770752,5.679108518200372,5.584313104223101,5.6360197932839515,56952100
2020-10-16,5.55271577835083,5.661873944107524,5.549843122948944,5.650383870402974,49929000
2020-10-19,5.607295036315918,5.727943821552942,5.529734985541476,5.575696375355297,107419300
2020-10-20,5.7968854904174805,5.822738838820964,5.6274026721737345,5.650383365432059,68407700
2020-10-21,5.791142463684082,5.839976524602083,5.696346998125983,5.791142463684082,60594900
2020-10-22,5.986477851867676,5.986477851867677,5.759542969471702,5.773906248808646,98926900
2020-10-23,5.90891695022583,6.072654476153836,5.900299531747307,6.015203010652662,61711200
2020-10-26,5.816993713378906,5.897426416290448,5.75379694188603,5.839974407367495,58229100
2020-10-27,5.710708141326904,5.851465520230952,5.690600100884328,5.8198668578766135,48978400
2020-10-28,5.363125801086426,5.584315372859606,5.363125801086426,5.558462017826217,79247400
2020-10-29,5.541226387023926,5.564207085165991,5.095974607154706,5.294183471069431,86794800
2020-10-30,5.440685749053955,5.613041262931542,5.420577706217133,5.498137221744435,64185100
2020-11-03,5.644638538360596,5.71645327942855,5.552715757458094,5.6044224586914995,66292400
2020-11-04,5.664746284484863,5.765287026347681,5.535480086006638,5.748051642797844,65777600
2020-11-05,5.713581085205078,5.7423070935314575,5.6647470354211436,5.730817018942727,40874800
2020-11-06,5.673363208770752,5.730815207261221,5.613039103468337,5.615911210280283,37273300
2020-11-09,6.207667350769043,6.517907058120633,6.043929803542243,6.064037846478436,164904100
2020-11-10,6.62993860244751,6.650046647525879,6.265119491187248,6.288100192405831,163732600
2020-11-11,6.572484970092773,6.710369691628498,6.434600796460051,6.707497036189941,93072900
2020-11-12,6.2938456535339355,6.555251341541174,6.253629562426099,6.532270639779103,77275000
2020-11-13,6.500670909881592,6.549504961654675,6.288099316252601,6.325443292968931,66065200
2020-11-16,6.690261363983154,6.787928905182337,6.644299426844215,6.6644080140500535,101583300
2020-11-17,6.805166721343994,6.934432958898824,6.601212520721783,6.621320565592327,94082100
2020-11-18,6.764949321746826,6.9315595220696276,6.764949321746826,6.89134343685818,68540400
2020-11-19,6.842507839202881,6.87697915295961,6.713241645396776,6.764947794177451,65382100
2020-11-23,7.210202217102051,7.210202217102051,6.9057077795200055,6.908579887846315,125649000
2020-11-24,7.531930446624756,7.661197210017146,7.3653202559762505,7.3653202559762505,153293500
2020-11-25,7.540549278259277,7.6123640332903175,7.373939068503386,7.5261865464143085,73971200
2020-11-26,7.417028427124023,7.454372409663281,7.34234100994865,7.451499753475404,41935900
2020-11-27,7.3251051902771,7.485970092023255,7.31074245808486,7.445754003562494,49863500
2020-11-30,7.152749061584473,7.434262752888611,7.135513674825849,7.256162477942347,90207700
2020-12-01,7.353829860687256,7.402663908294318,7.264779731957792,7.29637784659553,58866000
2020-12-02,7.442880153656006,7.612362996273198,7.2762699665970905,7.353830022961505,88093300
2020-12-03,7.652579307556152,7.7243940549556,7.483096459861213,7.511822468401601,62424500
2020-12-04,7.908239841461182,7.919729915642373,7.773227771486811,7.810571745357473,61652400
2020-12-07,7.755992889404297,7.9829277591618135,7.661197442672144,7.833552949795072,72664200
2020-12-08,7.658324718475342,7.796208903779347,7.60087270064715,7.701413457894963,46276700
2020-12-09,7.738758087158203,7.747375507027778,7.583637954668708,7.649707397216562,52448300
2020-12-10,7.991546630859375,8.100705375968356,7.79333773424802,7.8105736716251135,97537100
2020-12-11,7.9197306632995605,7.997290725980929,7.836425836936774,7.896749964864681,48334300
2020-12-14,7.934092998504639,8.120811219565882,7.934092998504638,8.051869132461869,53159500
2020-12-15,8.000162124633789,8.040378203599538,7.934092695503495,7.934092695503495,47208200
2020-12-16,8.097830772399902,8.112193502190427,7.8910039568370145,8.000162675695876,59399200
2020-12-17,8.112194061279297,8.155282801523548,8.063360009561661,8.129429447796385,39297700
2020-12-18,8.071978569030762,8.135175356165684,8.048997869354146,8.071978569030762,44707900
2020-12-21,7.7617387771606445,7.896750318015532,7.6181092685436225,7.810572832006556,99988800
2020-12-22,7.836424827575684,7.891003636889146,7.770354848670283,7.813444132100804,46513200
2020-12-23,8.028889656066895,8.115067141058493,7.85653413818061,7.879514837371909,49038900
2020-12-28,8.094958305358887,8.192626404337194,8.094958305358887,8.146665010453642,36313300
2020-12-29,8.120811462402344,8.166772855179401,8.040378751090982,8.152409577497183,29891100
2020-12-30,8.140918731689453,8.184007464846283,8.100702653796809,8.14379138695364,36968200
2021-01-04,8.304658889770508,8.382218962881678,8.195500694501677,8.22997147283788,74719700
2021-01-05,8.629261016845703,8.669477103352245,8.112194464504185,8.301785369325149,95181100
2021-01-06,8.646496772766113,8.87630377388887,8.632133492756497,8.663732160874542,96562500
2021-01-07,8.905028343200684,8.94811708044202,8.715437461016394,8.715437461016394,56171300
2021-01-08,8.939499855041504,9.12334543012825,8.71831030507587,9.037167405879064,67136300
2021-01-11,8.864812850952148,8.922264321793095,8.732673427002162,8.792998101473673,48744700
2021-01-12,8.798742294311523,9.065893232707696,8.798742294311523,8.939499676314062,65691900
2021-01-13,8.373600006103516,8.864813196598703,8.330511264316973,8.813106487293622,93826600
2021-01-14,8.459776878356934,8.522973654457289,8.250077414031708,8.3793441695813,50745400
2021-01-15,8.077722549438477,8.353490900101743,8.05186919807592,8.344872933679888,80673300
2021-01-18,8.063361167907715,8.287423416429878,8.046125778914668,8.13230327178304,68855700
2021-01-19,8.241458892822266,8.290292933061826,7.939836686200413,8.181134232336722,61656000
2021-01-20,8.103575706481934,8.364981886987414,8.074850246295053,8.31614783760547,60306200
2021-01-21,7.913985252380371,8.158155512625607,7.902495177258688,8.04899733340583,41284900
2021-01-22,7.781846046447754,7.824934785165128,7.629598585216458,7.735884652095483,51181900
2021-01-26,7.755992889404297,8.034633918185945,7.704286182477113,7.827807638380262,64514600
2021-01-27,7.8708953857421875,8.092084916195054,7.620980397643375,7.701412555696793,68337800
2021-01-28,7.974311828613281,8.172520739820728,7.845045028281644,7.847917684722702,67827000
2021-01-29,7.666942596435547,7.951328930784314,7.666942596435547,7.905367536217021,67555300
2021-02-01,7.908239841461182,7.95132857847093,7.70715833821166,7.830679786101822,44449500
2021-02-02,8.232841491699219,8.370725656680353,8.100702637234706,8.158154098692028,91663000
2021-02-03,8.313273429870605,8.370724886038722,8.232840733751742,8.324763501943062,47486800
2021-02-04,8.278804779052734,8.327638833839849,8.103576603421958,8.281677434969987,41444100
2021-02-05,8.284549713134766,8.643623467872219,8.135174899667248,8.324765798336378,121098700
2021-02-08,8.074849128723145,8.416686879182823,7.985798461178864,8.189752597276943,98821700
2021-02-09,7.911113262176514,8.149538214455086,7.865151317297072,8.057614872599276,63662200
2021-02-10,7.9858012199401855,8.054743872792232,7.790465529869871,7.968565830678746,52949900
2021-02-11,8.066232681274414,8.186881482939114,8.005908554393596,8.08346806782564,61158600
2021-02-12,8.169646263122559,8.184008994224534,7.931221310669517,7.988672782980485,47801100
2021-02-17,8.499993324279785,8.502865979849185,8.080594925498856,8.192626301093345,54973400
2021-02-18,8.40807056427002,8.882047776659892,8.342001129673891,8.726927662839737,105539200
2021-02-19,7.850788593292236,8.184008995623245,7.8048271962743785,8.051870116172669,215834800
2021-02-22,6.224902153015137,6.664408592096013,6.147342096488566,6.549504561136785,490230400
2021-02-23,6.9114508628845215,6.9689028776924244,6.523651132688729,6.621319229120352,293503100
2021-02-24,7.009118556976318,7.181474043603398,6.897087737225061,7.052207291657341,155246400
2021-02-25,6.661535263061523,7.253288551902952,6.63568191349973,7.181473813765299,170233000
2021-02-26,6.388640403747559,6.727606127833149,6.311080338493448,6.6644093420167,159881000
2021-03-01,6.319697380065918,6.618446973753387,6.296716684236344,6.549504338361658,90330100
2021-03-02,6.316825866699219,6.414493978609329,5.937644043002605,6.273737122716077,147772300
2021-03-03,6.087018013000488,6.288098972682992,5.88306384983196,6.262245620339051,185688500
2021-03-04,6.382894039154053,6.434600740794764,6.066909614288375,6.118615768026088,127843200
2021-03-05,6.431729316711426,6.670154282664598,6.403003852880979,6.44609259652975,126306300
2021-03-08,6.061166763305664,6.400132569045796,6.020950119095385,6.3024644369544625,141142800
2021-03-09,6.201920509338379,6.3053339022487105,5.992221616295043,6.135851085158086,122648000
2021-03-10,6.417367458343506,6.417367458343505,6.199050506515063,6.302463943671477,111744100
2021-03-11,6.690261363983154,6.747712826576616,6.494925185778832,6.497797841093951,130577500
2021-03-12,6.655790328979492,6.716114449433756,6.56674020206477,6.6500450181068,68123200
2021-03-15,6.793675422668457,6.799420734319318,6.635683187591337,6.638555843416767,68295000
2021-03-16,6.687389373779297,6.802292858297216,6.673026095775161,6.787929580293081,43407900
2021-03-17,6.917196273803711,6.93155900376152,6.638555258139821,6.6471726769532955,77966400
2021-03-18,6.675898551940918,6.865489432707426,6.627064503991786,6.859744121677406,77198900
2021-03-19,6.8942155838012695,6.905706206101058,6.658663305685877,6.684516657957374,90244500
2021-03-22,6.756331443786621,6.831018845470162,6.673026075327006,6.805165493044973,44129300
2021-03-23,6.549506187438965,6.78793117944732,6.549506187438965,6.655792278097149,57124700
2021-03-24,6.555249214172363,6.762076010812846,6.555249214172363,6.661535267768497,63338300
2021-03-25,6.6644110679626465,6.693136538471103,6.365661353126277,6.520781523807444,79214500
2021-03-26,6.739095687866211,6.859744486396188,6.638555479010433,6.744840999201696,60918600
2021-03-29,6.845381736755371,6.845381736755371,6.687389510794083,6.704624896849141,50099700
2021-03-30,6.845381736755371,6.891343131504221,6.770694333312731,6.7908023750274715,41959100
2021-03-31,6.922943115234375,6.960286550121097,6.831020308217999,6.836765072729161,68609400
2021-04-01,6.862617492675781,7.006246995982704,6.831019374522349,6.977521533643778,47232900
2021-04-05,6.905705451965332,6.9516668403392305,6.802292054172576,6.931558253510553,40454400
2021-04-06,6.899961471557617,7.00050223347051,6.868362805495632,6.9459228687915555,45934300
2021-04-07,6.8942155838012695,6.991883681737363,6.874107542679667,6.876980198254614,55892200
2021-04-08,6.808037757873535,6.905705850784349,6.713242320389864,6.8884699182215,63231300
2021-04-09,6.793675422668457,6.831019400495972,6.71324325116872,6.750586681093159,47494400
2021-04-12,6.862617492675781,7.000502232256763,6.831019374522349,6.882725535474259,50592900
2021-04-13,6.885598659515381,6.925815295750175,6.805166482852014,6.888471315525231,53612300
2021-04-14,6.99475622177124,7.060825655194592,6.888470158865965,6.9516674846648385,90836500
2021-04-15,6.856042385101318,7.07576823015216,6.835257592052922,7.037167981111298,64193600
2021-04-16,6.814474582672119,6.900583114460283,6.772904419351328,6.8679209646389365,59567300
2021-04-19,7.209386825561523,7.390511886874136,6.761027045955619,6.814473989614277,196519100
2021-04-20,7.0727996826171875,7.301433564357722,7.054984224636024,7.224232491315079,94965400
2021-04-22,7.040135383605957,7.182660702875929,7.022319931075844,7.167814020481649,46600100
2021-04-23,7.034197807312012,7.108429525850803,6.9807508793491895,7.090613505634485,60341000
2021-04-26,7.060922145843506,7.141091981374327,7.010444548331361,7.081706938993834,33281000
2021-04-27,6.85901403427124,7.176725843893223,6.859014034271239,7.072801277276034,76684900
2021-04-28,7.1084303855896,7.152969308831082,6.936212800404234,6.9480895823085,66374200
2021-04-29,7.0134124755859375,7.212353488573471,6.954026878799828,7.161875901208186,49775900
2021-04-30,7.0134124755859375,7.105459640895685,6.912457300855366,6.9480882058526126,61039200
2021-05-03,6.956997871398926,7.069829852540754,6.918397054396056,7.066860515360291,49039900
2021-05-04,6.796655654907227,7.019350800259029,6.793686318341371,6.989658567286555,44765000
2021-05-05,7.075769901275635,7.111401388018982,6.864952017602575,6.879798140045397,75611900
2021-05-06,6.977781772613525,7.081706295261493,6.948088970950808,7.0401361463964545,54091600
2021-05-07,7.239077568054199,7.259862926768765,6.965904797579902,7.019351730159695,74118200
2021-05-10,7.3340959548950195,7.417235139153585,7.298464471396193,7.363788197076954,73804500
2021-05-11,7.46771240234375,7.473651077045927,7.22126306563532,7.25689454750519,73729900
2021-05-12,7.357848644256592,7.580543814970062,7.331125178463527,7.408326238938702,89980700
2021-05-13,7.420203685760498,7.452865828291205,7.253924768622931,7.351910629871893,77282100
2021-05-14,7.809177875518799,7.832932006787676,7.586482682494386,7.660714413502523,196135500
2021-05-17,7.91607141494751,7.91607141494751,7.779485307507997,7.809177545582229,83512600
2021-05-18,7.8240251541137695,7.957641940242583,7.800271021045767,7.927949698664984,63510600
2021-05-19,7.764639854431152,7.824025472690813,7.660715305648361,7.67556199338489,84700500
2021-05-20,7.699314117431641,7.803238639083822,7.6369591779030985,7.76463782738923,71371100
2021-05-21,7.7052531242370605,7.81214642094155,7.702283787336505,7.743853371258078,82884500
2021-05-24,7.835900783538818,7.8745015980543585,7.717130135689312,7.803239209344655,63029600
2021-05-25,7.672591686248779,7.904194888581784,7.65477622955952,7.862624734515968,63672000
2021-05-26,7.746822357177734,7.773545821728888,7.6161743711879915,7.693375428075426,46646900
2021-05-27,7.693376541137695,7.794331740416254,7.651806953085287,7.743854140776975,48877800
2021-05-28,8.014057159423828,8.022965170525643,7.764638512004359,7.779485197174048,129526400
2021-05-31,7.978426933288574,8.07641279845592,7.951703464029919,8.005149836204051,46298900
2021-06-01,8.103134155273438,8.224874120673427,8.019994431882433,8.135795724252414,90744900
2021-06-02,8.275354385375977,8.334739435854834,8.094228763777549,8.12095223471316,103985100
2021-06-04,8.462418556213379,8.498050041430568,8.290200938073994,8.331770532208012,102757300
2021-06-07,8.40006160736084,8.47726209686279,8.316921878063953,8.4624159795762,74548900
2021-06-08,8.50992488861084,8.551494473282947,8.302075832564075,8.36443077591535,88398600
2021-06-09,8.50992488861084,8.634634208970276,8.468355303938733,8.527740343992727,60724200
2021-06-10,8.515862464904785,8.619786979533277,8.483200328961905,8.560401380790411,35871000
2021-06-11,8.483201026916504,8.56634075872822,8.39115385100063,8.551494074649472,54894400
2021-06-14,8.536649703979492,8.714805984983357,8.495080112737766,8.581188632644658,64286600
2021-06-15,8.619791030883789,8.62869847844164,8.5010197775749,8.599005665114419,42597100
2021-06-16,8.652447700500488,8.696987178360724,8.542585089847476,8.634632249162188,77432900
2021-06-17,8.352555274963379,8.67026760319242,8.287231546557079,8.613851321275064,95264600
2021-06-18,8.408970832824707,8.438663640032045,8.207060423426642,8.31395430283578,115250700
2021-06-21,8.596035957336426,8.61088207921156,8.432725784993705,8.432725784993705,50709600
2021-06-22,8.640575408935547,8.691053019227194,8.512896714295303,8.610882597056351,41602700
2021-06-23,8.699958801269531,8.765283088170033,8.610880949023796,8.685112681342966,57278500
2021-06-24,8.803881645202637,8.803881645202637,8.676202999574503,8.75637339097027,51447000
2021-06-25,8.640575408935547,8.845455187924385,8.596036474288393,8.81576237604519,84950900
2021-06-28,8.625724792480469,8.691049062140825,8.512892838324523,8.66432560025123,40341200
2021-06-29,8.664329528808594,8.664329528808594,8.533681496592816,8.63760605480211,43215200
2021-06-30,8.738560676574707,8.780130270473459,8.587127856359373,8.619790003761672,71367600
2021-07-01,8.628695487976074,8.872175453457968,8.58712590353081,8.830605869012702,65084000
2021-07-02,8.664329528808594,8.72371458611156,8.530712158776177,8.699960449921718,37336700
2021-07-05,8.566343307495117,8.658390510798043,8.423818495991894,8.613851577996192,56028600
2021-07-06,8.215968132019043,8.55149531194199,8.215968132019043,8.521803072174585,97839700
2021-07-07,8.328801155090332,8.358493964906673,8.138768078414941,8.358493964906673,73793500
2021-07-08,8.162521362304688,8.218937638441728,8.097197640591345,8.135797892889414,80574200
2021-07-12,8.233782768249512,8.248629452996187,8.100166003588113,8.189243846695712,53001200
2021-07-13,8.284261703491211,8.305046499154907,8.12985955521346,8.183306496259082,41594300
2021-07-14,8.215968132019043,8.373339607964876,8.177367880515513,8.3436468018543,51654600
2021-07-15,8.040780067443848,8.204089628556304,7.993271810889566,8.16252004565708,67982600
2021-07-16,7.922011375427246,8.129859907411737,7.892318566188539,8.08532097672529,69024100
2021-07-19,7.791362762451172,7.853717713747899,7.678530775531019,7.71119235350246,80087700
2021-07-20,7.895285606384277,7.9992101253082835,7.693375241924624,7.776514970332442,63408800
2021-07-21,8.005147933959961,8.088287659268728,7.895285312085816,7.954670911069655,51116600
2021-07-22,7.987332820892334,8.082349330237722,7.930916556089859,8.017025621648536,37736500
2021-07-23,7.939826488494873,8.06750516621809,7.92201103026516,8.046720370559559,34025500
2021-07-26,8.156580924987793,8.156580924987793,7.933885772215552,7.939824445545146,46802600
2021-07-27,8.061565399169922,8.135797125803794,7.98733367253605,8.120951007014272,51901800
2021-07-28,8.227843284606934,8.284259548405862,8.07641107949585,8.144704123580151,46727100
2021-07-29,8.257537841796875,8.290199985631547,8.165490651213828,8.25456850450798,43916600
2021-07-30,7.990301609039307,8.26347433782454,7.966547483333766,8.19518129721399,74150400
2021-08-02,7.8418402671813965,8.138767200634211,7.829963484341737,8.076412816453846,70528800
2021-08-03,7.972487926483154,7.978426600813865,7.657745549416504,7.826993803439673,71850400
2021-08-04,7.803239822387695,7.94873394822663,7.7052539594209355,7.883409662020013,87970600
2021-08-05,8.417878150939941,8.604941858141654,8.331769073771609,8.536648803634929,223915900
2021-08-06,8.429753303527832,8.474292785229018,8.319890683400597,8.462415439083891,51106100
2021-08-09,8.370369911193848,8.376308019086371,8.215967779125299,8.299107519395243,75381900
2021-08-10,8.397093772888184,8.54555723768671,8.385216423859578,8.403031881059313,84380900
2021-08-11,8.512895584106445,8.607912116430663,8.305046494889815,8.36146277333602,97863500
2021-08-12,8.640575408935547,8.667298882992494,8.462419104003656,8.509927376473057,95319300
2021-08-13,8.714805603027344,8.792006673623526,8.616819737721263,8.628696520551271,85201800
2021-08-16,8.503986358642578,8.682142614506294,8.385215710181141,8.670265832831713,101262100
2021-08-17,8.503958702087402,8.69272533603581,8.321483849215978,8.444182281297342,93623700
2021-08-18,8.428450584411621,8.592048267739754,8.38440452344977,8.503957345964851,86103100
2021-08-19,8.38125991821289,8.453621103449493,8.220807794544012,8.261707673165724,80808200
2021-08-20,8.36867618560791,8.378114158025157,8.23339298026497,8.305753569145063,88445600
2021-08-23,8.500813484191895,8.592050621029896,8.42216051102226,8.475644556780594,70161500
2021-08-24,8.676997184753418,8.692727541548717,8.57002907833638,8.585760035206325,49831400
2021-08-25,8.724186897277832,8.755648203882332,8.614072624199334,8.69272559067333,46031200
2021-08-26,8.648680686950684,8.771379130648699,8.642388305203465,8.676995804738619,41061300
2021-08-27,8.96329116821289,8.96329116821289,8.705309557767032,8.714748128908147,76465300
2021-08-30,8.903515815734863,9.032506636381322,8.890931652783138,8.93497712322597,61054000
2021-08-31,8.554296493530273,8.88149251023482,8.491373882588308,8.872054538645667,110574300
2021-09-01,8.507104873657227,8.601488190420568,8.283730143874731,8.595195809283146,69430400
2021-09-02,8.36867618560791,8.604635097231773,8.3246301140541,8.494520818459062,56052000
2021-09-03,8.283729553222656,8.425305118347444,8.211368975525298,8.384405243944972,58182700
2021-09-06,8.324629783630371,8.40328275104974,8.227100272051217,8.245976816211,26770700
2021-09-08,7.855859756469727,8.29002456035475,7.799230112552874,8.271148012382465,80378400
2021-09-09,8.022603034973145,8.14215528675563,7.594730681084055,7.890466019805899,156617100
2021-09-10,7.972263813018799,8.223953036762119,7.969117622712702,8.186199953237843,78379900
2021-09-13,8.252267837524414,8.302605680370416,8.066646817001878,8.11698465984788,63317900
2021-09-14,8.142152786254883,8.258559411516599,8.09181494832397,8.164176115414724,65497300
2021-09-15,8.283729553222656,8.324628827550677,8.139008397827942,8.179907672155963,67274100
2021-09-16,8.211371421813965,8.255416899608162,8.025750336717518,8.205079039250615,65567700
2021-09-17,7.843274116516113,8.186201107255712,7.792936264671266,8.170470153507617,131694100
2021-09-20,7.755182266235352,7.755182266235352,7.484616473386412,7.575853601185908,80260600
2021-09-21,7.9313645362854,7.956534060629249,7.7174289800330795,7.890465259375622,64570200
2021-09-22,8.132718086242676,8.249124158228142,8.0288961787619,8.032042369906724,70231800
2021-09-23,8.444183349609375,8.478790850246366,8.151594189868264,8.164178953763377,84480600
2021-09-24,8.463058471679688,8.513396318642917,8.327775282938083,8.352944206419696,44821500
2021-09-27,8.538564682006836,8.639240369329112,8.337213307362282,8.538564682006836,89178700
2021-09-28,8.481935501098633,8.774524628412298,8.406428726320028,8.554296685326655,117874300
2021-09-29,8.617217063903809,8.661263124230038,8.43788843279345,8.560586843537509,58731700
2021-09-30,8.566882133483887,8.676996421590088,8.548005586974838,8.661266066178314,65744000
2021-10-01,8.809131622314453,8.809131622314453,8.516542511704237,8.532273463931624,60983200
2021-10-04,9.057676315307617,9.063968096852408,8.721041099568003,8.733625862806662,106937000
2021-10-05,9.255881309509277,9.271611663098614,9.09228299185226,9.123744299105459,100469100
2021-10-06,9.010482788085938,9.177227277138515,8.956998751980352,9.108012889267828,84599400
2021-10-07,8.99790096282959,9.117453227477515,8.887786671661342,9.029362274602605,60551100
2021-10-08,9.161498069763184,9.315657816600666,9.032506648863935,9.123744380706777,84170500
2021-10-11,9.224419593811035,9.3911640948176,9.170935553871155,9.281049824344377,76466700
2021-10-13,9.32194995880127,9.343973294979937,9.14891366077646,9.177228778645908,55605400
2021-10-14,9.33768081665039,9.507570922035642,9.281050581497125,9.394311051803657,76172700
2021-10-15,9.312512397766113,9.388019182063255,9.284197278645363,9.375434417976441,72479900
2021-10-18,9.26531982421875,9.32509564754696,9.120598051781803,9.249588870652495,68971300
2021-10-19,8.812276840209961,9.224418141890784,8.765085188884958,9.199249221179155,111484000
2021-10-20,8.966440200805664,9.060823541836918,8.793403875556818,8.894079599343394,56063300
2021-10-21,8.636094093322754,8.865760561796847,8.469349624390865,8.765084882469814,101567700
2021-10-22,8.551151275634766,8.733626148032858,8.107548558251906,8.525982348410013,138384700
2021-10-25,9.136329650878906,9.221274405840408,8.699018712030961,8.733626212247408,135830600
2021-10-26,9.048236846923828,9.196104199889017,8.997898999102722,9.060821008841865,57865600
2021-10-27,9.026214599609375,9.142620653936687,8.956999605071987,9.070260068806249,57579200
2021-10-28,9.11115837097168,9.202396090330348,8.887784258182302,8.975875787210557,89578000
2021-10-29,8.541711807250977,9.183520284296767,8.485081576914641,9.164643140801658,157340000
2021-11-01,8.809131622314453,8.909807316271847,8.610926424845145,8.717893899619023,102157200
2021-11-03,8.447328567504883,8.761940427746595,8.431597614448096,8.717894359262095,83475800
2021-11-04,8.179906845092773,8.570025407234425,8.132715194847501,8.500811026879651,92603400
2021-11-05,8.132718086242676,8.349800474638696,8.110695348303512,8.271147496241909,86264000
2021-11-08,8.217659950256348,8.387549999265188,8.09181475830983,8.12012986649036,59704100
2021-11-09,8.38125991821289,8.478790028726502,8.242831129226595,8.242831129226595,73021700
2021-11-10,8.315193176269531,8.472499136925181,8.230247813497574,8.368677226895437,68176300
2021-11-11,8.321484565734863,8.456767171693159,8.25541575810449,8.456767171693159,60848900
2021-11-12,8.491373062133789,8.544857096244371,8.179907428221961,8.27743692569146,85962500
2021-11-16,8.579463958740234,8.670701069006999,8.378111998015564,8.576317768720775,60978200
2021-11-17,8.362383842468262,8.632950254400516,8.334068724937,8.617219300175067,82106800
2021-11-18,8.349799156188965,8.415867359574158,8.195638814807834,8.39699081576046,63993000
2021-11-19,8.211371421813965,8.268001664734864,8.110695701098868,8.211371421813965,85893800
2021-11-22,8.293169021606445,8.53541970359149,8.271146286887307,8.274291877497598,59195200
2021-11-23,8.746209144592285,8.824862106684211,8.337213981744066,8.371821477088346,108382300
2021-11-24,8.925538063049316,8.947560795586263,8.654971691710925,8.739917031560111,64263300
2021-11-25,9.318803787231445,9.372287828754473,8.985314775346918,9.139474518542814,104052200
2021-11-26,8.956999778747559,9.1740821384226,8.831155149977436,8.931830852993533,108871800
2021-11-29,9.271612167358398,9.381726448696176,9.06396836829839,9.237005267564768,84672200
2021-11-30,9.259028434753418,9.325096646586312,9.079699745407463,9.218128551173887,129384600
2021-12-01,9.312512397766113,9.649147036118835,9.274758705580254,9.388019182063255,135078600
2021-12-02,10.023061752319336,10.06900637813284,9.259669249157344,9.538872657931464,191410300
2021-12-03,10.164430618286133,10.228046772620937,9.97358215528172,10.065472081087561,105133000
2021-12-06,10.21037483215332,10.344675746796655,10.136156437823997,10.171498819261709,66142300
2021-12-07,10.376484870910645,10.450703272737494,10.178567784505862,10.348211097724237,98989300
2021-12-08,10.37295150756836,10.627415489368644,10.327006200653038,10.376485813800306,71167700
2021-12-09,10.351746559143066,10.422430662949198,10.175035288477737,10.28459608754224,67668200
2021-12-10,10.478978157043457,10.63801856939302,10.418896298389178,10.42596491096027,38517500
2021-12-13,10.415363311767578,10.620348383601582,10.351747812867437,10.48604809823451,45448700
2021-12-14,10.29166316986084,10.549661424885844,10.252786480383135,10.46484010847077,56833800
2021-12-15,10.355278015136719,10.355278015136719,10.104348387094022,10.28459392618519,55085100
2021-12-16,10.493114471435547,10.595606648420567,10.425964006038502,10.468375003683988,56545700
2021-12-17,10.245718002319336,10.475442488199159,10.171499602276587,10.362347398172163,93593700
2021-12-20,9.952378273010254,10.090212842365945,9.782735622403255,10.051336822914324,106282500
2021-12-21,9.966514587402344,10.150293771726002,9.938240814883326,10.0902119208606,40454500
2021-12-22,9.952378273010254,10.037199598313755,9.885227804357495,10.037199598313755,33734500
2021-12-23,10.012458801269531,10.044266878301688,9.948842647205218,10.012458801269531,28713600
2021-12-27,10.160898208618164,10.17150112768577,9.948844545966132,10.008926405815874,44227900
2021-12-28,10.171502113342285,10.348213403659628,10.143228333855513,10.252789145104243,30688100
2021-12-29,10.086678504943848,10.21391014695167,10.044267508207957,10.143226051191752,35508400
2021-12-30,10.054869651794434,10.143225270266793,10.03366381800916,10.09021135990348,43229100
2022-01-03,10.281060218811035,10.327004845597756,10.083143814491475,10.086678120259668,52704700
2022-01-04,10.319937705993652,10.390621804522405,10.217444853092028,10.305800481827932,51739200
2022-01-05,9.920572280883789,10.344679670811963,9.874627639456625,10.316405889756759,78459800
2022-01-06,9.913501739501953,10.125555393234077,9.8392833314507,9.998323740274788,61163100
2022-01-07,9.959447860717773,9.998324558076868,9.832215523251673,9.934708389343818,47507600
2022-01-10,9.899364471435547,9.980651486010899,9.796871621153633,9.89229585953336,37455200
2022-01-11,10.192705154418945,10.273992169233884,9.84281695342862,9.93117258016658,73623800
2022-01-12,10.503717422485352,10.570867892403625,10.231582584795477,10.231582584795477,81378200
2022-01-13,10.71576976776123,10.82533055069668,10.4259634343901,10.436566351745105,76717500
2022-01-14,11.115138053894043,11.168151294833615,10.687496472234974,10.70163369600549,96458800
2022-01-17,11.13280963897705,11.24237043397772,11.044454006921677,11.097467251334907,35675900
2022-01-18,11.18228816986084,11.30245187900675,10.945495057614485,11.154014395597095,78198800
2022-01-19,11.129273414611816,11.383737348397053,11.1116025608864,11.274176572279782,77480200
2022-01-20,11.210561752319336,11.309520297599308,10.994974480034308,11.132809042949319,85353100
2022-01-21,11.228232383728027,11.267108398252091,11.143411069175677,11.157547617884457,61345400
2022-01-24,11.291851043701172,11.397877541892719,10.970236568540109,11.19996109735515,79117100
2022-01-25,11.65941047668457,11.744231133394111,11.161084062765907,11.203495065220693,98358500
2022-01-26,11.970419883728027,12.111789425207254,11.768969163450043,11.768969163450043,98679900
2022-01-27,11.973956108093262,12.24255664697658,11.723025078481209,12.104722071220666,90631000
2022-01-28,11.50036907196045,12.140062967397395,11.387273973931821,11.945680851923186,117400500
2022-01-31,11.433215141296387,11.662940261484245,11.334257291713723,11.486229045401151,62450300
2022-02-01,11.662940979003906,11.77603605639888,11.29184767203917,11.433215844683053,57315200
2022-02-02,11.493297576904297,11.836117765175231,11.436750042074001,11.807843323660295,36271700
2022-02-03,11.334260940551758,11.634669565323717,11.175221199337193,11.433218821991929,51087800
2022-02-04,11.532176971435547,11.744229939859045,11.267109412706281,11.45442358718698,59346800
2022-02-07,11.362533569335938,11.58518876687268,11.355464957766545,11.503901756124373,48868100
2022-02-08,11.24944019317627,11.291851197490526,11.047989439408653,11.2741796648179,62590000
2022-02-09,11.291851043701172,11.553382982693648,11.18582387140959,11.217631955687061,50960500
2022-02-10,11.465025901794434,11.627601283334107,11.288315318385964,11.41554696540406,49534600
2022-02-11,11.93154525756836,11.984559181848887,11.532178727935426,11.581657671557197,88013400
2022-02-14,11.662940979003906,11.995157600326683,11.599324829444276,11.966884505077774,55687000
2022-02-15,11.479164123535156,11.549848902321214,11.270644767626296,11.542780289622605,65689000
2022-02-16,11.638205528259277,11.910341073393141,11.581657970062638,11.602863809961429,65811600
2022-02-17,11.592255592346191,11.765433178614172,11.503899983642029,11.609926444447105,43255200
2022-02-18,11.662940979003906,11.694749053783722,11.404942749434143,11.510969215966973,60304700
2022-02-21,11.96335220336914,12.016366122601784,11.662943589584085,11.680614446594976,51263800
2022-02-22,11.92447566986084,12.256692332465441,11.737160829237114,12.094118307033392,80206700
2022-02-23,12.094117164611816,12.228416730395793,11.945679028482541,12.079979942466226,86530100
2022-02-24,11.800776481628418,12.472279738037612,11.549846842479633,12.299102128306894,139674100
2022-02-25,12.01636791229248,12.01636791229248,11.627603607351322,11.821985759821901,86189100
2022-03-02,12.253158569335938,12.47228151045274,12.154200691541234,12.461677917689043,58071800
2022-03-03,12.101187705993652,12.345048760005643,12.072913257192301,12.306172067003748,69237400
2022-03-04,12.097652435302734,12.256692835491618,11.95274925917506,12.044639867373036,55418000
2022-03-07,11.238836288452148,12.2284191119775,11.178754430831683,12.193077397930155,110954100
2022-03-08,11.47209358215332,11.652339805164853,11.13634262461587,11.309519562017272,111633500
2022-03-09,11.507436752319336,11.59932600645207,11.217629744462602,11.521572627278353,87779300
2022-03-10,11.910338401794434,12.228417839727324,11.49329974806479,11.521572846721126,136437700
2022-03-11,11.482697486877441,12.150665788525746,11.334259337511247,11.984556784001626,92153700
2022-03-14,11.26357650756836,11.62406698160893,11.139878485273071,11.461492938780829,52274100
2022-03-15,10.991440773010254,11.146946874324282,10.768784202521987,11.005577323620631,66272000
2022-03-16,10.896014213562012,11.146944506058682,10.733440208533047,11.132807284351903,72034900
2022-03-17,10.60621166229248,11.097468830723965,10.425966066355013,11.044455578765904,178319300
2022-03-18,10.818262100219727,10.89248049588559,10.553195245813297,10.634482252713966,93097100
2022-03-21,11.224699974060059,11.341329385532628,10.828866431853154,10.924290679630712,67700800
2022-03-22,11.17522144317627,11.344863433046656,11.079797191905405,11.30598741053262,56128600
2022-03-23,11.327191352844238,11.475629510427481,11.199959705644238,11.284781028477555,52956100
2022-03-24,11.457958221435547,11.52157438716764,11.192891987718506,11.327192257741807,49402800
2022-03-25,11.415547370910645,11.503903002803451,11.281247107037567,11.36253480069493,51780100
2022-03-28,11.16815185546875,11.337795178731287,10.949029594725454,11.330726566491188,68610500
2022-03-29,11.415547370910645,11.578121410025421,11.281247107037567,11.355466188359511,93809000
2022-03-30,11.65941047668457,11.65941047668457,11.443822506231108,11.486232834585877,69648400
2022-03-31,11.82198429107666,11.864394618590298,11.486232606777024,11.510972076843313,94269500
2022-04-01,11.666478157043457,11.94214867167459,11.631136440188222,11.857326663741915,72545400
2022-04-04,11.556915283203125,11.627600048338875,11.397874898697625,11.627600048338875,56053000
2022-04-05,11.447356224060059,11.684150034560549,11.447356224060059,11.542780474721447,45847200
2022-04-06,11.436755180358887,11.585192020403012,11.32366005988712,11.52157584661262,56947100
2022-04-07,12.03050422668457,12.037572839645499,11.486233162493773,11.535712105020197,118469400
2022-04-08,12.090583801269531,12.161268573247057,11.963351481349964,12.04110486534523,60772700
2022-04-11,11.99869441986084,12.051706987156914,11.938611892418773,11.981023564095482,48125400
2022-04-12,11.96335220336914,12.256693552909818,11.945681346358251,12.157735675088853,68522800
2022-04-13,12.217816352844238,12.299103370289668,12.051707337777538,12.147131579526498,101438800
2022-04-14,12.09032154083252,12.399635511631688,12.04779059329913,12.217913645970011,119382100
2022-04-18,11.877664566040039,12.13671522825738,11.781003882189726,12.047787576106089,76350600
2022-04-19,12.23724365234375,12.372568770766522,12.032323454053971,12.047788781536896,88494100
2022-04-20,12.29524040222168,12.353237410574806,12.113518556774654,12.237244131331147,34694700
2022-04-22,11.815805435180664,12.101921059212492,11.723011238532184,12.005260345520819,74560900
2022-04-25,11.641815185546875,11.76940728269581,11.421428902968044,11.587684690949128,66413900
2022-04-26,11.622485160827637,11.823539642243356,11.55675583949799,11.641817747961529,48764100
2022-04-27,11.622485160827637,11.8158066073898,11.579954944058661,11.74234498866939,41881300
2022-04-28,11.699811935424805,11.839003587965882,11.695945418691702,11.773274278428447,43298500
2022-04-29,11.707544326782227,12.214046191636728,11.707544326782227,11.889266178495452,76243900
2022-05-02,11.591552734375,11.726877882500572,11.34023502354907,11.66501508406535,72456200
2022-05-03,11.695943832397461,11.75007358439409,11.529687322736313,11.645680596609528,52531000
2022-05-04,12.39963436126709,12.438298050932989,11.753940861847598,11.831269716104616,109417000
2022-05-05,12.376435279846191,12.565890899294967,11.993659736871946,12.299107162943482,99439900
2022-05-06,12.782415390014648,12.805613021123992,12.333908927021067,12.639356448520507,129570200
2022-05-09,12.434432983398438,12.774679076642075,12.395769291520315,12.64322045936103,92314500
2022-05-10,12.542693138122559,12.701216642760846,12.449899682928397,12.511762478032963,60330600
2022-05-11,12.979598999023438,13.111057613271742,12.639352913629248,12.674150825486896,108895400
2022-05-12,13.080124855041504,13.17678554191024,12.859737132049753,12.859737132049753,114415900
2022-05-13,13.250249862670898,13.315978435318513,13.107192429612596,13.184519815097946,67000100
2022-05-16,13.381708145141602,13.486101882822364,13.149721569764807,13.242516494900585,92075300
2022-05-17,13.207718849182129,13.58662864086836,13.199985815687471,13.532498881331087,90914700
2022-05-18,12.991199493408203,13.362377759590935,12.925470915236282,13.21545305995455,80986200
2022-05-19,13.21158218383789,13.257980376220459,12.886803686710232,12.960265278928386,63983100
2022-05-20,13.466768264770508,13.466768264770508,13.242514752242927,13.37397335184614,79589900
2022-05-23,13.996467590332031,14.038998528046227,13.590493005203378,13.602091815516335,93807400
2022-05-24,13.615365028381348,13.826489258351588,13.231893750278017,13.443018802059889,154453100
2022-05-25,13.809252738952637,13.908351705698077,13.46886908131913,13.65845032077981,69991900
2022-05-26,13.84372329711914,14.028995785280918,13.76616729539453,13.796327780107084,78303600
2022-05-27,13.184500694274902,13.852343534465357,13.171574417511,13.852343534465357,118295600
2022-05-30,12.921669960021973,13.300832462637354,12.546817037408315,13.287906188066968,98110100
2022-05-31,12.951833724975586,13.193119313847296,12.844117208383079,13.102637012567454,83598000
2022-06-01,12.934596061706543,13.068164276568861,12.861348817076578,12.882891785927681,46353200
2022-06-02,12.822568893432617,12.947519573298198,12.732086629836921,12.913050335216854,50738300
2022-06-03,13.046621322631836,13.11555980920807,12.723471858626395,12.80102703966597,60396900
2022-06-06,13.055237770080566,13.154337561743999,12.887200314956836,13.141411287576187,39213900
2022-06-07,13.210349082946777,13.48610300963319,12.994916122270135,13.007842395762882,80333700
2022-06-08,13.145719528198242,13.421473458431652,13.06816352986721,13.106941529032726,65923900
2022-06-09,12.956136703491211,13.210347634970706,12.91735870907492,13.145717918214032,53879000
2022-06-10,12.775177955627441,12.930289993419894,12.520966925606144,12.930289993419894,63101700
2022-06-13,12.611446380615234,12.745014593174478,12.352926649801665,12.503729894593878,64507100
2022-06-14,12.753632545471191,13.033695254342682,12.598520537315832,12.77948427289322,68816900
2022-06-15,12.529582977294922,12.934597238679949,12.426175238139274,12.92597972163073,72785700
2022-06-17,11.766949653625488,12.258137428402303,11.25852766703476,12.137494658458385,184606500
2022-06-20,11.900516510009766,12.17196166519403,11.163735394261359,11.21113090620285,92581800
2022-06-21,11.663542747497559,12.133186763670876,11.499814025459122,11.978074737246898,85179500
2022-06-22,11.629074096679688,11.870358844318469,11.370554313303696,11.452419089431968,57874700
2022-06-23,11.41363525390625,11.797105563359471,11.254215363783338,11.624759403032817,69262300
2022-06-24,11.327463150024414,11.672155487881993,11.280067645389737,11.529969795789322,53413400
2022-06-27,12.05562973022461,12.094407733548929,11.486886777216741,11.555825267168506,90417700
2022-06-28,12.206429481506348,12.421862406221821,12.072861298289942,12.314145943864085,51388000
2022-06-29,12.098716735839844,12.417557463748341,11.995308998827221,12.271062964194215,52048800
2022-06-30,12.03408432006836,12.090096523616866,11.805725104776684,11.913441576210435,49910100
2022-07-01,12.292604446411133,12.430481403185539,11.857429787959735,12.098714462314945,64948200
2022-07-04,12.555434226989746,12.615756022218212,12.296915299882366,12.296915299882366,37324200
2022-07-05,12.07717227935791,12.473568966701485,11.870356008970123,12.452025177175914,78428500
2022-07-06,11.9220609664917,12.271062158727482,11.594602743206776,12.133185185094165,57617200
2022-07-07,12.271060943603516,12.460642174482116,12.064245503633138,12.064245503633138,52147300
2022-07-08,12.408940315246582,12.482187567198045,12.223668627897977,12.292607121286217,43097800
2022-07-11,12.348618507385254,12.404631543123374,12.171963527248,12.202124013347783,39577600
2022-07-12,12.16334342956543,12.249516933116785,12.05131820367324,12.193503909264972,46462000
2022-07-13,12.171964645385742,12.27106362933461,12.05563062676141,12.120260363171033,35497200
2022-07-14,11.844505310058594,12.064247051397878,11.736788818528256,12.064247051397878,47151000
2022-07-15,12.047012329101562,12.085790332797902,11.844505615651947,11.93498789821395,38610800
2022-07-18,12.322766304016113,12.361544305165545,12.193506026247483,12.232284027396915,46782300
2022-07-19,12.57266902923584,12.598520757108876,12.236593279639937,12.30122301022833,48562300
2022-07-20,12.568359375,12.589902343056536,12.421864891143203,12.525272617075373,43520800
2022-07-21,12.503729820251465,12.551124514987205,12.150419879691912,12.486494788120968,58843200
2022-07-22,12.637298583984375,12.697619555452668,12.430483120254575,12.51234788282697,55676200
2022-07-25,13.22758674621582,13.249129717845364,12.757942732748887,12.757942732748887,79106600
2022-07-26,13.361152648925781,13.623981130405577,13.18018892462702,13.443017406106815,78360100
2022-07-27,13.507647514343262,13.559350967430145,13.193115572328082,13.48610372404742,56097200
2022-07-28,13.912660598754883,14.059155073587974,13.542115653963947,13.611054133672283,114996500
2022-07-29,14.714073181152344,14.93381409740436,14.145330245840206,14.47709558841962,181480600
2022-08-01,14.511565208435059,14.71407272923307,14.313367267530658,14.649442179814043,81365100
2022-08-02,14.576193809509277,14.864873166115116,14.425389762230004,14.550341264472648,69147100
2022-08-03,14.58481216430664,14.718381204304773,14.459862284411262,14.653750652519792,65544500
2022-08-04,14.739922523498535,14.821788099077427,14.468478181086596,14.683911138087005,54387500
2022-08-05,15.024292945861816,15.106158515909375,14.701143532195136,14.714070626405384,77882600
2022-08-08,15.782622337341309,15.842943315497187,15.136323325173956,15.140631262060783,109484600
2022-08-09,16.041139602661133,16.140238576900323,15.877410076533112,15.946348564857034,79051200
2022-08-10,15.989432334899902,16.222100293875897,15.773999404801273,16.222100293875897,78369600
2022-08-11,15.618891716003418,16.31258620416288,15.618891716003418,16.13593121877508,128896500
2022-08-12,16.77874755859375,16.842243737920434,15.387133138162428,15.39771600292313,171288300
2022-08-15,16.784038543701172,17.053895532482546,16.16495510102331,16.339568327971552,96759000
2022-08-16,16.937484741210938,16.96923333220929,16.66762878238694,16.784037255001948,64218800
2022-08-17,17.334335327148438,17.36608392232563,16.720544292286117,16.747000445696216,72924700
2022-08-18,17.683561325073242,17.81055368389485,17.392539608431104,17.514239525627815,84552500
2022-08-19,16.789331436157227,17.540698731692196,16.57767917436309,17.418996788840083,125178200
2022-08-22,17.149137496948242,17.239090826351706,16.127914394250375,16.794619647968734,92400300
2022-08-23,17.69414520263672,17.725893798778134,17.260257814413297,17.265550256341125,73215800
2022-08-24,17.799968719482422,18.053951388691438,17.593607926904777,17.747056420325272,61067900
2022-08-25,17.60948371887207,18.180946319770378,17.286713400047113,18.04337109282444,99511600
2022-08-26,17.799968719482422,17.815842005534602,17.23379864090663,17.609481212956954,63545400
2022-08-29,18.24443817138672,18.561918009158408,17.699433841486233,17.75234613854414,73339500
2022-08-30,17.159727096557617,18.10687254595606,17.07506617484173,17.990463021668372,99361100
2022-08-31,17.583024978637695,17.694142017417082,16.836950260658508,16.969233026388682,114235400
2022-09-01,17.911088943481445,17.964003270521864,17.33433589882959,17.651815805646546,69184700
2022-09-02,17.683561325073242,18.292062929531866,17.59890042535053,18.2232753177337,81792300
2022-09-05,17.641231536865234,18.048662739526666,17.540697351198787,17.911087518640972,76337600
2022-09-06,16.985107421875,17.244382547771576,16.672921002857393,17.075060758054406,111813500
2022-09-08,16.82636833190918,17.34491656016049,16.614716096830836,17.096226319335585,63159800
2022-09-09,16.82107925415039,17.28671319931798,16.77345737129517,17.191471452082634,49871900
2022-09-12,16.657045364379883,17.31845918293916,16.646462501065958,17.011564220734545,71374500
2022-09-13,16.21786880493164,16.635882878773668,16.149082202637874,16.371317315857205,88327800
2022-09-14,16.46656036376953,16.630590723056702,16.207285235259583,16.27078141166227,49039700
2022-09-15,16.434810638427734,16.524762960077734,16.29723644006671,16.36073261209388,45553200
2022-09-16,16.286653518676758,16.376605834433185,16.053835582147656,16.32898396084229,107303600
2022-09-19,16.545930862426758,16.604134601096394,15.81043789721681,16.13849964555156,65559900
2022-09-20,16.450687408447266,16.720544413992286,16.318404621958777,16.625300646242565,67798200
2022-09-21,16.493017196655273,16.651756130364358,16.34486011841927,16.588260960575735,58812200
2022-09-22,16.900449752807617,16.974528802452713,16.418940471683722,16.657048891238198,69764300
2022-09-23,15.842185974121094,16.609425490580094,15.7522336435859,16.572386473754573,138630800
2022-09-26,15.49825382232666,15.916266958736271,15.487670955775098,15.725779397758993,42934600
2022-09-27,15.699321746826172,15.810438807331652,15.651699861113077,15.69403031405387,71087600
2022-09-28,15.487667083740234,15.778688776486586,15.122566352890987,15.699319315668259,104670700
2022-09-29,15.508831024169922,15.556452900119014,15.13314845750196,15.339509247123098,87536500
2022-09-30,15.768106460571289,16.133207204108917,15.3448019820041,15.461210461300706,121637100
2022-10-03,17.027441024780273,17.270840875868878,16.75229257718981,16.88457536823473,179694100
2022-10-04,16.598840713500977,17.450740978249005,16.44010080031334,17.408411545817106,115917200
2022-10-05,17.22321891784668,17.366084573790776,16.508892656601386,16.620009716177286,92893700
2022-10-06,17.8105525970459,17.879340204646454,17.165012014505944,17.461326154691076,82671900
2022-10-07,17.794681549072266,18.159781324321,17.577737853320084,17.768225394658625,73500100
2022-10-10,17.59360694885254,17.93225048897224,17.46132418983861,17.80526017066471,52222600
2022-10-11,17.46132469177246,17.635938907558078,17.25496390473475,17.403119953177256,58332400
2022-10-13,17.958709716796875,18.24973345131459,17.149139738711394,17.196761620862013,91143900
2022-10-14,17.683561325073242,18.064536383062993,17.620066154899973,17.974585060190453,62246100
2022-10-17,17.667682647705078,18.069823312573153,17.37666101983772,17.588314213818226,100936400
2022-10-18,18.10157585144043,18.112158716478767,17.54598855701595,17.937546489533986,82313200
2022-10-19,18.7418212890625,18.815901333426925,18.001039011691645,18.059243751597712,113700900
2022-10-20,19.29741096496582,19.339740401389168,18.9270188085059,19.101631013773872,114347400
2022-10-21,19.958826065063477,20.313342939006496,19.255080721660182,19.286829314831568,139601400
2022-10-24,18.122739791870117,19.4826065286434,18.112156927876853,19.313284741701,142110900
2022-10-25,17.741762161254883,18.25501988807794,17.57244039913329,18.011620107337475,113161200
2022-10-26,17.307876586914062,17.74176389711157,16.879280708455234,17.249671847026015,121334800
2022-10-27,17.440160751342773,17.74705776137431,17.286712246327003,17.360792296609603,111008800
2022-10-28,17.233800888061523,17.5248226083225,16.85811826702508,17.302588500715057,129745400
2022-10-31,15.773397445678711,16.720542577331567,15.429462440435548,16.196702921486605,262409400
2022-11-01,15.79985523223877,16.228451147794235,15.6411152940511,16.17553783506501,115944200
2022-11-03,15.847478866577148,16.080295853571084,15.57762185010737,15.768108384080806,139062100
2022-11-04,14.974411010742188,16.35015219059453,14.910915838468847,16.29723887420837,195361000
2022-11-07,14.365910530090332,14.97441115114258,14.323580078432027,14.794506479285383,117206600
2022-11-08,14.471735000610352,14.566978754913835,14.154256156011213,14.318286505513088,94745400
2022-11-09,14.233626365661621,14.78921462532621,14.096052158770506,14.365909140452597,103303500
2022-11-10,13.820903778076172,14.228333928635722,13.551046815453674,13.79973805117053,145470100
2022-11-11,14.28125,14.477028974809642,13.598671323016596,13.651583632044106,146365800
2022-11-14,14.65693473815918,14.910917473579062,14.334164381122868,14.424116726072118,66639500
2022-11-16,14.365910530090332,14.873876959227585,14.249502040339385,14.715137008580754,85549900
2022-11-17,14.371199607849121,14.4452776338034,14.048429336069928,14.286538718404975,101525800
2022-11-18,14.127800941467285,14.604018735275032,13.87381724343066,14.498192110323313,127683500
2022-11-21,14.170130729675293,14.588143759368323,13.7838642730568,14.350035378172276,164898100
2022-11-22,13.207035064697266,13.263644946774967,12.62395511486122,13.020223209661436,164261300
2022-11-23,13.269306182861328,13.388185964708581,12.907003581590338,13.020223346939467,77317300
2022-11-24,13.727843284606934,13.942959529031102,13.161746654313864,13.314593003631465,94233800
2022-11-25,13.50706672668457,13.773131769625971,13.359881464713679,13.733505175969134,58635900
2022-11-28,13.790115356445312,13.897672947341665,13.32591625543746,13.388186155497527,56067400
2022-11-29,14.367533683776855,14.65058203206023,13.858046872815532,13.925978951490796,96151500
2022-11-30,15.092137336730957,15.092137336730959,14.435465277168666,14.492075160871012,120774700
2022-12-01,14.486413955688477,15.165730395525424,14.469430666782253,15.046849532669286,71259400
2022-12-02,14.667566299438477,14.973259054239703,14.327908042907278,14.543025406599364,66301000
2022-12-05,14.503397941589355,15.04685025578081,14.463770265570433,14.718514212687532,56065400
2022-12-06,14.514719009399414,14.939291533431708,14.390178124391028,14.616616587926167,74991200
2022-12-07,14.350550651550293,14.758139861013493,14.305262961609937,14.344889555339785,57008400
2022-12-08,14.027874946594238,14.599632675173378,13.948620683792935,14.46376853315504,55567700
2022-12-09,13.988248825073242,14.180721787888965,13.86370794079285,14.146756288493178,61586200
2022-12-12,13.535371780395508,13.959944298173896,13.093815973198234,13.914656606133951,111293100
2022-12-13,13.201373100280762,13.6995387341085,13.195712004470945,13.642928855753945,102533100
2022-12-14,12.154095649719238,12.79378551955611,11.757828611170574,12.73717563412237,319501600
2022-12-15,12.47676944732666,12.663581280116338,11.7917920072688,11.888028471417638,132385600
2022-12-16,12.482433319091797,12.516399902632543,12.176741625432353,12.431484523524572,90767300
2022-12-19,12.669242858886719,12.742836029826327,12.250331457305796,12.510736484082082,63074100
2022-12-20,13.059847831726074,13.156084292807556,12.573004430991103,12.674901987400148,71875500
2022-12-21,13.342900276184082,13.427814573062694,12.935311003320425,13.30327367629032,74252800
2022-12-22,13.580658912658691,13.903333840111033,13.416491440684561,13.529710126245826,81894800
2022-12-23,14.220349311828613,14.276958116969688,13.659912639187,13.659912639187,68387900
2022-12-26,14.118452072143555,14.322246150954417,14.05051999271075,14.220349651420872,28765200
2022-12-27,14.214688301086426,14.32790699179508,13.897673375717188,14.29394149255686,50803200
2022-12-28,14.03919792175293,14.33356846895185,14.010893518260017,14.209027581941744,57293500
2022-12-29,13.869370460510254,14.180723243032325,13.829743860524959,14.146757740151196,57901800
2023-01-02,12.974935531616211,13.478761215099082,12.90700345711314,13.325915937018637,78424700
2023-01-03,12.646599769592285,13.076833370927051,12.52771890671666,12.98625798956644,96750300
2023-01-04,13.048526763916016,13.354219459448453,12.35788927067611,12.431481356780054,129504000
2023-01-05,13.518388748168945,13.608965213715836,13.105138415474242,13.21269709101936,73886000
2023-01-06,13.439136505126953,13.767472571799198,13.331577821981817,13.552356285252767,51851500
2023-01-09,13.512726783752441,13.586318869206789,13.161746404544077,13.303270559431649,46385200
2023-01-10,13.637269020080566,13.648591212746416,13.229679801803467,13.55801583090706,52741100
2023-01-11,13.744827270507812,13.937300220965232,13.614624218320483,13.671234100174493,53536500
2023-01-12,13.942961692810059,13.95428388631146,13.648592219980245,13.75048980200525,58130000
2023-01-13,13.908995628356934,13.959944417304623,13.727844858651258,13.835403533067911,40002700
2023-01-16,13.608963966369629,13.869367906750014,13.490083108559348,13.818419121937561,31973700
2023-01-17,14.44678783416748,14.503397719297377,13.648591585092792,13.648591585092792,91797500
2023-01-18,14.192045211791992,14.735498647976346,14.152418612436188,14.627939964193551,69692900
2023-01-19,14.656242370605469,14.690208948058302,14.033536900382055,14.152416682235858,75553300
2023-01-20,14.927971839904785,15.0581738338534,14.390179493082073,14.656244578074098,114219500
2023-01-23,15.165731430053711,15.624269464363714,14.792106606836022,14.871360880727673,87678100
2023-01-24,15.058170318603516,15.58464034833501,14.927968355049854,15.550673773695575,65794000
2023-01-25,15.250643730163574,15.329896913966206,14.724173684060608,15.029865307116221,51832900
2023-01-26,14.860038757324219,15.397831068058231,14.605294803872571,15.335560083938097,73344800
2023-01-27,14.503397941589355,14.848716194661263,14.401500362742517,14.820411791534372,47681900
2023-01-30,14.57699203491211,14.75814283113063,14.441128937748216,14.633601928666375,40683200
2023-01-31,14.758137702941895,14.837390878812458,14.446785015098786,14.509054904821284,54048900
2023-02-01,14.55434513092041,14.990239833850506,14.407160944230197,14.758140281327984,56349200
2023-02-02,13.880690574645996,14.610954715748791,13.824080691831401,14.441126147048712,83823000
2023-02-03,14.033537864685059,14.36753392797188,13.824081608308123,13.892013688137983,71170700
2023-02-06,14.593971252441406,14.64492003462136,14.010891345128362,14.078823414616174,82794500
2023-02-07,14.503397941589355,14.797767405237844,14.412821476147013,14.667565423264112,55311800
2023-02-08,14.746818542480469,14.803428428196506,14.46943129019002,14.605294368062253,48713100
2023-02-09,14.678889274597168,14.899666667209354,14.599636073094105,14.746820281672969,38198300
2023-02-10,15.12610149383545,15.165729164733946,14.678885719702995,14.707190119172578,54683100
2023-02-13,15.171391487121582,15.222340277706746,14.927970807345986,15.109121582873774,36726900
2023-02-14,15.114785194396973,15.318579310901402,15.058175297689754,15.199699499585817,35839000
2023-02-15,15.13742733001709,15.17139283350687,14.888344451689623,15.04685193421508,72554100
2023-02-16,15.199695587158203,15.25630546929394,14.99590044336702,15.058171421690702,44115700
2023-02-17,14.967596054077148,15.097798027272331,14.927969460473717,15.097798027272331,61085700
2023-02-22,14.582649230957031,14.780783266218092,14.543022639853547,14.718512291773397,38608500
2023-02-23,15.029867172241211,15.165731332396653,14.588312430839256,14.588312430839256,73913400
2023-02-24,14.66190242767334,15.114780377253018,14.644920219894257,15.097797089730305,64409100
2023-02-27,14.803424835205078,15.137421892145962,14.610951918332585,14.627935203848452,76250600
2023-02-28,14.28827953338623,15.239322092585999,14.288279533386232,14.837392903516333,130248100
2023-03-01,14.322247505187988,14.395840688177408,13.69388083980256,14.327908602321319,109257700
2023-03-02,13.948620796203613,14.531700721273875,13.795775524752582,14.390176561962576,124516200
2023-03-03,14.548685073852539,14.571328379532812,13.84106422550842,14.056180488317793,87591800
2023-03-06,14.695871353149414,14.786447828001775,14.361875258526817,14.548687145906044,50227400
2023-03-07,14.209028244018555,14.59397419602408,14.112791756017174,14.560007614557358,59052500
2023-03-08,14.390177726745605,14.673226068278963,14.226009170379266,14.237331363179097,66220400
2023-03-09,14.327906608581543,14.848715595194328,14.310924399288515,14.35055099396388,68042300
2023-03-10,14.141095161437988,14.480753393893782,14.118451855137607,14.242992739149104,48118600
2023-03-13,13.693880081176758,14.073164930146934,13.642931289543165,13.897674167967311,58605500
2023-03-14,13.450457572937012,13.999570977161362,13.359882188317403,13.744828112822619,58916700
2023-03-15,13.21269702911377,13.291950221384232,12.90700429365268,13.207035932559627,93708800
2023-03-16,13.16740894317627,13.314594209956946,13.003240387240378,13.246662133079814,66821000
2023-03-17,13.308934211730957,13.308934211730955,12.940971554289456,13.076834639510448,93502700
2023-03-20,12.980596542358398,13.388185747462776,12.957952157758534,13.308932560850623,57575200
2023-03-21,13.246663093566895,13.359882869990194,13.065512315084664,13.133444396887406,43391200
2023-03-22,13.207035064697266,13.37120361474823,13.042867594389994,13.241000562046409,46435600
2023-03-23,12.907005310058594,13.399509951615265,12.788125512291307,13.229681360592329,74711200
2023-03-24,12.90134334564209,13.093815215871762,12.725852604361645,12.856054576477831,52556800
2023-03-27,13.122121810913086,13.224019390698308,12.923987747968905,13.082495214273004,39148700
2023-03-28,13.354222297668457,13.382526703014005,13.105139427601005,13.14476602698231,29091100
2023-03-29,13.529712677001953,13.608966959554719,13.286290891524569,13.42215398765857,49148600
2023-03-30,13.569336891174316,13.744827637582844,13.40516941713142,13.727844348649972,56116900
2023-03-31,13.274971008300781,13.710864743935439,13.13910681981745,13.586323830860394,59547800
2023-04-03,13.863707542419434,13.86936863878002,13.473100531488814,13.637269086714628,73931200
2023-04-04,13.739166259765625,14.016553494856757,13.642929783938605,13.942960324065902,57505700
2023-04-05,13.784456253051758,13.886353842101478,13.173071798497316,13.69388085828398,93626400
2023-04-06,13.586318969726562,13.824079594886523,13.55801457043708,13.77879190817718,29565400
2023-04-10,13.875029563903809,13.959943848777186,13.603303420411512,13.603303420411512,41455900
2023-04-11,14.526041030883789,14.548685416841638,13.942961049394231,13.982588724820465,80565000
2023-04-12,14.633598327636719,14.803426887364266,14.25431353648446,14.707190415587016,71563400
2023-04-13,14.73549747467041,14.769462974307494,14.605294413198017,14.633599896015392,38852800
2023-04-14,14.888341903686523,14.94495178631049,14.560005880159972,14.605293570310403,38421100
2023-04-17,15.120441436767578,15.171390223107913,14.837393103651806,14.854376392346484,49427100
2023-04-18,15.505389213562012,15.635592283111771,15.012885659167823,15.120443261315067,99478800
2023-04-19,15.007225036621094,15.460102006671546,14.973259533803276,15.37518770975507,73217800
2023-04-20,15.10912036895752,15.273287841185901,14.882681917740591,15.01288389222236,54738400
2023-04-24,15.397829055786133,15.431794551892958,15.001560975479771,15.058170855486917,43820900
2023-04-25,15.33556079864502,15.567660376053952,15.126104529407185,15.375187397752324,53854100
2023-04-26,15.143085479736328,15.409150518149204,15.143085479736328,15.352541716599339,40249400
2023-04-27,14.775121688842773,15.38650598246244,14.667563030964764,15.19969414496042,115632700
2023-04-28,15.113203048706055,15.336392830809391,14.762473989427928,15.049434018265206,81138500
2023-05-02,14.501021385192871,15.138709227371764,14.437252357716376,15.113202346156987,67911100
2023-05-03,14.450005531311035,14.660442457833314,14.296960604412375,14.41174460365961,51133700
2023-05-04,14.679574012756348,14.909140802510496,14.418122101999543,14.596673914442434,57854400
2023-05-05,15.3045072555542,15.412914230599426,14.78160345226297,14.858125307416685,83365200
2023-05-08,15.629730224609375,15.70625208976995,15.438423129121704,15.591469292029087,59352300
2023-05-09,15.680742263793945,15.81465611083806,15.457551302427532,15.565958271303053,33978200
2023-05-10,15.642483711242676,15.827412558969193,15.514945652174472,15.680744642445909,41500700
2023-05-11,16.216400146484375,16.2482840483901,15.259868493797933,15.387405317713723,136878100
2023-05-12,16.739307403564453,17.05177432914248,16.24828742781621,16.312056461183655,117237500
2023-05-15,16.363069534301758,16.675536423400633,16.19727055341997,16.618144421699515,81996700
2023-05-16,16.77118682861328,17.23669979634355,16.630895965743765,16.65002703552758,117782700
2023-05-17,16.363069534301758,17.06452638686534,16.267416603564225,16.962496431906235,107129200
2023-05-18,16.45872688293457,16.4842349866678,16.1653909877624,16.318435961281793,63010500
2023-05-19,16.43321418762207,16.69466607701797,16.350314096081185,16.63089705651565,69245500
2023-05-22,16.337562561035156,16.586260422800624,16.2610394871034,16.50336032468347,38010200
2023-05-23,16.739307403564453,16.854091420367226,16.273795527680445,16.35669441965292,58285300
2023-05-24,16.994382858276367,17.153804838590954,16.611769862262722,16.739307933031665,54796400
2023-05-25,16.86684799194336,17.11554592133502,16.70104896691781,17.090037817657247,49182700
2023-05-26,17.09003448486328,17.160180540004376,16.91785968378809,17.096411509539116,39866600
2023-05-29,17.01988983154297,17.1027887206463,16.93698972614654,17.058150763721958,17977100
2023-05-30,16.828580856323242,17.090032760181995,16.745681976489504,17.0390177842167,45736700
2023-05-31,16.656404495239258,16.809449408641576,16.49698255840857,16.7520574140791,49207600
2023-06-01,17.19206428527832,17.21757238374158,16.68191447894395,16.771190390979193,63148200
2023-06-02,17.33235740661621,17.60018637465881,17.287719447991304,17.49177938244411,39919300
2023-06-05,17.517282485961914,17.5746744821785,17.36423756814864,17.56192165124706,39321700
2023-06-06,17.887144088745117,18.01468214799149,17.35148618597927,17.50453234359215,75426600
2023-06-07,18.410049438476562,18.531209258680015,18.129466433645174,18.26975732791432,82330400
2023-06-09,19.309188842773438,19.379333680309074,18.50570199304733,18.556716973206463,80442400
2023-06-12,19.64716339111328,19.761947404989947,19.156144644175374,19.270927441758925,119350400
2023-06-13,19.60882568359375,19.867014773884744,19.425374824314165,19.867014773884744,79174900
2023-06-14,20.451335906982422,20.451335906982422,19.622410509795767,19.66317822489554,98326000
2023-06-15,19.968929290771484,20.960921709131462,19.89419106797602,20.519281808110193,120579500
2023-06-16,20.138795852661133,20.329041358163003,19.73112894877945,19.86022286356929,94572000
2023-06-19,20.668758392333984,20.69593557293574,20.077639486938057,20.131995144082655,34573900
2023-06-20,20.770679473876953,20.892980052265223,20.315450263176935,20.587228606294552,55605300
2023-06-21,21.640371322631836,21.74228803862462,20.96092482142482,21.015280489683725,89294300
2023-06-22,21.368589401245117,21.531656378701605,21.117193667703148,21.375382724690642,43455800
2023-06-23,20.49210548400879,21.253086102571974,20.308654625613027,21.19873043667041,76023400
2023-06-26,20.954132080078125,21.096815236075653,20.464931021876133,20.464931021876133,53635000
2023-06-27,20.79106330871582,21.198731470836005,20.61440706193236,21.015280603490716,48399600
2023-06-28,20.988100051879883,21.185140140921266,20.757088159320233,20.777472018995933,36794600
2023-06-29,21.08322525024414,21.14437553859665,20.899774385186625,21.062841388812856,32071800
2023-06-30,20.064056396484375,21.117197994308814,19.921371952012777,21.062842324019968,104262900
2023-07-03,20.4377498626709,20.50569476918133,20.193148717609873,20.193148717609873,31266900
2023-07-04,20.485313415527344,20.648380433544443,20.356218206952423,20.356218206952423,18308000
2023-07-05,20.458131790161133,20.75708727705035,20.152380387727636,20.49210359223544,53585500
2023-07-06,20.14558982849121,20.38339637876509,19.80586655551179,20.281479656059552,47685700
2023-07-07,20.043672561645508,20.519285649281457,19.948550462494882,20.220328814311962,55533500
2023-07-10,20.07764434814453,20.159178501573045,19.710743897569714,19.778688809436577,25590200
2023-07-11,19.805864334106445,20.064054718339644,19.703947622831784,20.064054718339644,40877000
2023-07-12,19.8194522857666,20.227120400297913,19.79906842646061,19.839836145072592,40181800
2023-07-13,20.13199806213379,20.193148347277578,19.73112584255078,19.751508406971194,35886500
2023-07-14,19.737916946411133,20.09802399664486,19.60882306646604,20.0436683377361,34451100
2023-07-17,19.697154998779297,19.765099911828543,18.990531272514858,19.30307605822339,52160800
2023-07-18,19.588443756103516,19.839839546884456,19.506909600840626,19.703949720093448,35640400
2023-07-19,19.771892547607422,19.792275112316766,19.41178545176058,19.5748524491418,46517700
2023-07-20,19.792274475097656,19.941753523173887,19.622412862968304,19.751508051050163,33177100
2023-07-21,20.165969848632812,20.288270410950748,19.792273542001208,19.8058627813568,52059200
2023-07-24,20.587230682373047,20.66197022024536,20.220330206150255,20.247507395231963,45268100
2023-07-25,21.06283950805664,21.096811311467338,20.519282877838123,20.72311629018476,56261000
2023-07-26,21.06283950805664,21.212317257381425,20.811443756617308,21.028867704645947,45880200
2023-07-27,19.968929290771484,20.98809889125495,19.962134671255324,20.960921709131462,86471900
2023-07-28,20.220327377319336,20.349422571236104,19.92137056359573,19.99611009101196,43608600
2023-07-31,21.1375789642334,21.164756147688266,20.587226419933565,20.587226419933565,91290800
2023-08-01,20.79106330871582,21.12399194059725,20.349423339727853,21.12399194059725,75752400
2023-08-02,20.743497848510742,20.777469648152604,20.247501020528386,20.729908610277562,62068400
2023-08-03,21.00848388671875,21.151167016456256,20.80465047396768,21.015278506602616,57304400
2023-08-04,20.383392333984375,21.157960827974602,20.2067361115769,20.859005340153814,120685800
2023-08-07,20.51249122619629,20.723119288891922,20.288273921793476,20.288273921793476,44984900
2023-08-08,20.53287124633789,20.648377194641096,20.193148021439203,20.322243209764256,34771300
2023-08-09,20.695940017700195,20.872596265344992,20.49210658361694,20.526078390650362,48561500
2023-08-10,20.811445236206055,20.967718912452725,20.46492866976944,20.587227948307547,54020200
2023-08-11,20.763883590698242,21.09001887854914,20.492105264106893,20.797856691485464,39403200
2023-08-14,20.8182373046875,20.886182203952064,20.566842862132116,20.70952598424066,27992700
2023-08-15,20.967716217041016,21.844202690843204,20.96092159756102,21.776256496043242,87366200
2023-08-16,21.42974281311035,21.728698334188138,20.98130693961102,21.062841088231263,74461000
2023-08-17,21.361797332763672,21.871380888203582,21.27346856613047,21.572425375137673,57570600
2023-08-18,21.416154861450195,21.52486620219328,21.185142938385788,21.341415328711296,45579700
2023-08-21,21.266674041748047,21.76266965496785,21.04245675796777,21.538453667128874,42236900
2023-08-22,21.59064292907715,21.59064292907715,21.329664299738422,21.51305443339845,31372200
2023-08-23,22.7403564453125,22.7403564453125,21.929207461142123,22.006795952406602,95507400
2023-08-24,22.705087661743164,23.078922886066643,22.458217628334644,22.761516635483147,49332300
2023-08-25,22.549915313720703,22.90258972440487,22.43000641769038,22.839108465015816,34079000
2023-08-28,22.803836822509766,22.81088909840921,22.472323350926864,22.641604879327346,24956100
2023-08-29,22.853212356567383,22.923745883011716,22.56401924771433,22.853212356567383,40607500
2023-08-30,23.008386611938477,23.06481558553878,22.782676098900378,22.860264592260016,34637900
2023-08-31,22.52875328063965,23.128297693989364,22.4864315488685,23.071868718294493,48971500
2023-09-01,23.01544189453125,23.057760934630135,22.542858651534832,22.7191951604311,50089200
2023-09-04,22.775625228881836,23.078924254007568,22.71919625179718,23.05070976546524,21667400
2023-09-05,23.537395477294922,23.622038935343223,22.726249184443137,22.761515946622524,75082900
2023-09-06,23.64320182800293,23.840697876932044,23.431598534052895,23.523291590666062,57856500
2023-09-08,23.558557510375977,23.748998562851977,23.4598068100606,23.6149837913033,39074100
2023-09-11,23.537395477294922,23.763105984060765,23.5091836819603,23.60793169233517,30276200
2023-09-12,23.650253295898438,23.826589816603153,23.62204149750383,23.664360540436626,31963000
2023-09-13,23.297578811645508,23.770162057021093,23.297578811645508,23.734895293200612,47685700
2023-09-14,23.89006996154785,23.981765701444235,23.346953180133347,23.346953180133347,46502100
2023-09-15,23.904178619384766,23.974714842970286,23.70668257470893,23.890071374667663,54801500
2023-09-18,24.07345962524414,24.48255890425196,23.875960916467985,23.981763892265263,52363400
2023-09-19,24.129886627197266,24.41907838691622,24.031138615197847,24.129886627197266,43247200
2023-09-20,24.18631362915039,24.41202412123575,23.988814930564725,24.087565625198213,39102300
2023-09-21,23.81247901916504,24.186314216945206,23.720785979370365,23.981763237683786,60109400
2023-09-22,24.0029296875,24.115784968875445,23.847755357285106,23.995877409587475,31020500
2023-09-25,24.15810203552246,24.214531010636268,23.932391516430506,23.946498760208957,26767200
2023-09-26,23.60087776184082,24.045246518722127,23.60087776184082,23.981765267739082,60687500
2023-09-27,24.348543167114258,24.348543167114258,23.826585966275534,23.88301493530949,53708700
2023-09-28,24.299171447753906,24.36265269854127,24.12988721542706,24.299171447753906,30765000
2023-09-29,24.43318748474121,24.468454250177682,24.158102947382282,24.334439465246387,40227600
2023-10-02,24.06640625,24.524882254531857,23.932391470385003,24.369705263949083,34403400
2023-10-03,23.960603713989258,24.14399248421876,23.720785974039067,23.960603713989258,37947300
2023-10-04,23.008386611938477,23.77721388781249,22.84615734885994,23.699625394452852,88895900
2023-10-05,23.08597755432129,23.23409958971294,22.775626238641383,22.930800551140415,35342000
2023-10-06,23.636144638061523,23.854802879306366,22.803838785529354,22.994279848703265,48132800
2023-10-09,24.651845932006836,24.743541675417845,24.05230015208162,24.087569608480916,77528400
2023-10-10,24.835235595703125,24.926931342317292,24.50372475755964,24.61658002620714,48326500
2023-10-11,24.77175521850586,24.863450968375922,24.32738909593652,24.785862463922943,41578500
2023-10-13,25.58995246887207,25.64638144139123,25.237279462671818,25.244334429577467,66943700
2023-10-16,25.872095108032227,25.95673588646065,25.36424505609801,25.674599061471955,49626600
2023-10-17,26.570383071899414,26.570383071899414,25.836825261814347,25.886199267569648,68814800
2023-10-18,27.1699275970459,27.23340884316419,26.739666116764287,26.796095086950054,85931700
2023-10-19,27.04296875,27.13466449357108,26.746721997955643,27.05707599444799,56016600
2023-10-20,26.697349548339844,27.409750635857744,26.372890979114818,27.289840396381244,66242400
2023-10-23,24.933982849121094,25.956735203150547,24.87050159430046,25.80861317212965,104499100
2023-10-24,25.307819366455078,25.52647494012797,24.807021579751005,25.145590082842904,78634900
2023-10-25,25.44182777404785,25.589949775297207,25.216117289092292,25.4488827402109,32846500
2023-10-26,25.18085479736328,25.343084067748205,24.79291500377483,25.286655091606487,47858600
2023-10-27,24.99746322631836,25.716916525466043,24.807019468542645,25.540580011675388,45843100
2023-10-30,24.74354362487793,25.194964719264608,24.588366614676776,25.09621669120277,31346900
2023-10-31,24.503725051879883,24.814076371717743,24.32738852433253,24.69416613383097,36965200
2023-11-01,24.77175521850586,25.068001990900694,24.616580900281843,24.701221682102393,46335300
2023-11-03,25.067996978759766,25.3148669974942,24.72237626185015,25.244333475193333,30959700
2023-11-06,25.046838760375977,25.484155278501902,25.046838760375977,25.20907073074381,33583600
2023-11-07,24.63068199157715,24.983355005367304,24.447293208306156,24.73648497198682,48919900
2023-11-08,24.101675033569336,24.54604383158451,23.91828623079902,24.404974072932504,59742900
2023-11-09,24.60247039794922,24.79291414984565,24.23569013770589,24.334438151871097,56231100
2023-11-10,24.489614486694336,24.729432239273496,24.34148977871786,24.447292757175127,40004800
2023-11-13,25.17380142211914,25.216123156902064,24.454348074900533,24.461403042705278,44120000
2023-11-14,25.51942253112793,25.5617442664664,25.032734682804016,25.173801752568476,50888600
2023-11-16,25.07505226135254,25.73807928947941,25.03978549597343,25.378351286839994,72361200
2023-11-17,25.893251419067383,26.041373435619665,25.265493899761672,25.27254886665359,87666300
2023-11-20,25.91441535949707,26.252981144516376,25.5829018511591,25.935574880222752,67796900
2023-11-21,25.64638328552246,25.77334579213845,25.328977018982492,25.77334579213845,49597800
2023-11-22,25.77190589904785,25.77190589904785,25.104885690360934,25.581329894908382,58578300
2023-11-23,25.779233932495117,25.83787442226369,25.515360116933895,25.74991648374328,24068100
2023-11-24,25.852537155151367,26.255680776553923,25.442062073721225,25.639969552475076,53456200
2023-11-27,25.705936431884766,25.94782426094994,25.47138006219686,25.654627400773816,36996000
2023-11-28,26.094417572021484,26.10907769333852,25.764574628851054,25.77923195403585,36875900
2023-11-29,25.823211669921875,26.40960252722585,25.610644110357885,26.314315935254818,37528600
2023-11-30,26.321643829345703,26.328972491540263,25.830542374479972,25.991798107948973,58808800
2023-12-01,26.145729064941406,26.38761689529185,26.04311100217425,26.182380769757536,36388100
2023-12-04,25.588655471801758,26.057768160299556,25.54467510870552,25.97713889268921,35601900
2023-12-05,25.47138023376465,25.779234422503958,25.420071202308097,25.5959870826927,43234200
2023-12-06,24.55514144897461,25.508026975827768,24.55514144897461,25.32477965158169,64179200
2023-12-07,24.496498107910156,25.05357147452324,24.21796422073556,24.665088087163127,64723900
2023-12-08,25.280805587768555,25.31745449847167,24.54048472935541,24.70907195549586,53290700
2023-12-11,25.18551254272461,25.427397555309277,25.097554610524025,25.258810353536386,30613300
2023-12-12,24.98027801513672,25.361430010818246,24.77503909884771,25.324781103094917,30371500
2023-12-13,25.339441299438477,25.376090207268874,25.024255659058685,25.075564689247727,38992900
2023-12-14,25.889183044433594,26.197040018598326,25.537348499768473,25.654626681323514,57950000
2023-12-15,25.94782257080078,26.23368795297938,25.65462572972246,25.859861840797905,56570100
2023-12-18,26.270339965820312,26.607514415642132,26.07976395387443,26.20437080858277,44474300
2023-12-19,26.570865631103516,26.570865631103516,26.248351303154426,26.35829803498285,32183000
2023-12-20,26.666147232055664,26.93002378503571,26.60017809381065,26.658815774399645,38947900
2023-12-21,26.673484802246094,26.886052407156704,26.438928409287065,26.878720947052056,30511900
2023-12-22,26.930030822753906,26.974008395655506,26.658822741242094,26.75411214274983,31234700
2023-12-26,27.36249542236328,27.391812873064833,26.99600072533382,27.017989512393143,23466800
2023-12-27,27.38448143005371,27.43579045873965,27.215894222066716,27.35516118619536,19588500
2023-12-28,27.296527862548828,27.384485812066394,27.14992941593102,27.2891964023449,21421900
2024-01-02,27.692340850830078,27.77297013865642,27.413806869780924,27.4431243230636,24043800
2024-01-03,28.557268142700195,28.674546342205076,27.611711086367382,27.707000497256608,52300200
2024-01-04,28.315378189086914,28.84312859764294,28.22741745755062,28.67454138973023,45344900
2024-01-05,28.381349563598633,28.68920375970167,28.15412185018979,28.491296292435756,35783700
2024-01-08,28.168781280517578,28.168781280517578,27.567730230031803,28.132132371806495,35158100
2024-01-09,27.92689323425293,28.403337432214027,27.87558420322727,28.344696941823287,27279000
2024-01-10,27.67034912109375,28.0515039345891,27.494430439429518,27.926894285882646,27382000
2024-01-11,27.904909133911133,27.96354963414815,27.633703810647308,27.838939969210966,26564400
2024-01-12,27.978206634521484,28.38868174296147,27.978206634521484,28.22009450095922,24479500
2024-01-15,28.27873420715332,28.308051659972104,27.750980910555487,27.846270321581837,13818300
2024-01-16,27.92689323425293,28.4326576774094,27.912235907787725,28.30071937016271,31277700
2024-01-17,27.76563835144043,27.963545818536563,27.721657982263768,27.83160750713914,27577300
2024-01-18,27.655691146850586,27.956216704440163,27.531084284594495,27.956216704440163,22987200
2024-01-19,27.509090423583984,27.780298506284865,27.289194169714204,27.714329350510674,31745200
2024-01-22,27.633699417114258,27.71432869405428,27.28919352332779,27.487100985962623,22753700
2024-01-23,27.978206634521484,28.124805087259546,27.435795994363456,27.736321564216667,32498500
2024-01-24,27.76563835144043,28.249411227853454,27.68500907268283,28.06616388381621,25415300
2024-01-25,28.79181671142578,28.79181671142578,27.948880755522637,28.044167344364684,48655300
2024-01-26,29.290252685546875,29.38554208048497,28.52061445537271,28.65988142018041,41378200
2024-01-29,29.737375259399414,29.752035380729264,29.19496475085618,29.31957158796154,30547500
2024-01-30,29.55413246154785,29.861989464341406,29.35622498749471,29.44418293280744,34829000
2024-01-31,29.87664794921875,30.228485336365353,29.451515533626832,29.488164445915878,57978900
2024-02-01,30.470365524291992,30.697593217978643,29.81067402399676,29.891303295825328,61629200
2024-02-02,30.074556350708008,30.62429844025475,30.067227686479175,30.47770278661524,36485600
2024-02-05,30.20648956298828,30.550995442220636,30.001253445725972,30.059891138029897,27703000
2024-02-06,30.485029220581055,31.04209993360173,30.250472836558384,30.382411152087716,35474600
2024-02-07,30.932153701782227,30.932153701782227,30.36042005986238,30.433720678638107,30648100
2024-02-08,30.682937622070312,31.11540149246953,30.682937622070312,31.00545196082476,25589100
2024-02-09,30.272457122802734,31.02743799299808,30.272457122802734,30.88816823835031,30388000
2024-02-14,30.04523277282715,30.345758275337477,29.949943380480274,30.125859247439728,18315300
2024-02-15,31.005449295043945,31.005449295043945,29.942614166344818,30.059892351820636,33246400
2024-02-16,31.29131507873535,31.43791351139987,30.82953379062105,30.851522576874338,37268900
2024-02-19,31.445247650146484,31.474565102271306,31.196031132222487,31.342626781244906,12826700
2024-02-20,31.11539649963379,31.386601759071297,30.85884856567308,31.349952853114708,42375400
2024-02-21,31.15937614440918,31.31330603349453,30.88084220367517,31.115398572784063,20873800
2024-02-22,30.92481803894043,31.28398403179657,30.638952654897952,31.27665257284904,32162800
2024-02-23,30.71225357055664,30.96147005074836,30.499685997071747,30.888169441202354,43924500
2024-02-26,31.29131507873535,31.320635324494763,30.660946571703242,30.712255603715942,25885700
2024-02-27,31.247339248657227,31.38660622958149,31.06409189664139,31.298648283531044,27678100
2024-02-28,29.634761810302734,31.474563982982254,29.19496928660969,31.166709775623662,112322000
2024-02-29,29.422191619873047,30.228481570446863,29.209624040492752,29.752037381647227,61899800
2024-03-01,29.451507568359375,29.94260901170451,29.422187328004792,29.576114395668313,31248500
2024-03-04,29.37821388244629,29.869315394644122,29.33423351574835,29.517480849457822,21988000
2024-03-05,29.290252685546875,29.59077819622945,29.033707540866278,29.392870743419117,30293300
2024-03-06,29.935283660888672,29.93528366088867,29.400201797825098,29.466170947853882,45481000
2024-03-07,29.605440139770508,30.008583733129626,29.524810861872176,29.788687481854883,50199800
2024-03-08,26.90070915222168,27.164585760188103,25.727924538607837,26.314318243480965,230369800
2024-03-11,26.131067276000977,27.66301488488064,25.874519366760982,26.14572460006541,127528700
2024-03-12,26.98866844177246,27.289193972318245,26.50489556830528,26.64416254231782,76139100
2024-03-13,26.666147232055664,27.36248751439038,26.614838212990858,27.047301942345527,45140600
2024-03-14,26.548873901367188,27.061964185295757,26.49756487297433,26.93002868095151,39983400
2024-03-15,26.622169494628906,26.71745888061257,26.34363279505549,26.607509374005875,59362500
2024-03-18,26.63683319091797,26.915369927881503,26.02112202275949,26.68814222192014,35326100
2024-03-19,26.43892478942871,27.010655569471812,26.065101463123387,26.673481150273695,48540800
2024-03-20,26.90070915222168,26.93002939669182,26.24834909148936,26.55620327002858,39017900
2024-03-21,26.1677188873291,27.164584794828468,26.153058765615018,27.01065491489672,47220200
2024-03-22,26.424266815185547,26.548876464837473,25.969814178625967,26.3143200849272,34426800
2024-03-25,26.827409744262695,26.995999759461093,26.504895429023552,26.51955555191613,26951500
2024-03-26,26.57819175720215,26.878717269319214,26.51222260595048,26.878717269319214,24837800
2024-03-27,26.790761947631836,26.87139122882303,26.475576282684063,26.59285447456235,19995700
2024-03-28,27.38448143005371,27.501759609354767,26.73212138293332,26.754110167760906,31958200
2024-04-01,27.5970516204834,27.641029194308373,27.274534499726297,27.48710209365573,23697800
2024-04-02,28.308046340942383,28.33003792159034,27.685006546519066,27.72165545275591,45930700
2024-04-03,28.161447525024414,28.593911323273378,28.01485190213238,28.366686430111358,31437200
2024-04-04,27.838932037353516,28.938415938336508,27.43578849955285,28.19809800863944,165566800
2024-04-05,27.92689323425293,28.27139912496734,27.245212912189196,27.780297600541036,65469200
2024-04-08,28.315378189086914,28.630563820094434,27.655686683226445,27.875582919802486,36384400
2024-04-09,28.388675689697266,28.689201195469984,27.897574193294272,28.513285326600858,36989300
2024-04-10,29.01905059814453,29.121668667259435,28.33737022915818,28.38867926371563,55821500
2024-04-11,28.806480407714844,29.14365483193042,28.733182592409694,29.02637664976272,33195300
2024-04-12,28.542604446411133,29.35622307696775,28.366688567234423,29.114338044066653,39613500
2024-04-15,28.813814163208008,28.916432231266214,28.31538115024016,28.542606073474005,28692000
2024-04-16,28.945749282836914,29.10700503078469,28.54993438162155,28.5939119510017,37303000
2024-04-17,29.158313751220703,29.28292338745729,28.835799462598757,28.94574897715267,39221700
2024-04-18,29.209627151489258,29.75204055041394,29.06303150498293,29.319576682501733,45078800
2024-04-19,29.708057403564453,30.1038723228745,29.202295759645484,29.356222851777456,80546900
2024-04-22,30.419057846069336,30.485026999026594,29.70072862283058,29.87664449996163,51775500
2024-04-23,30.360416412353516,30.514346295223007,30.023241994891517,30.34575908649201,35456900
2024-04-24,30.221149444580078,30.778222895761964,30.206489322587675,30.455705804193812,45388300
2024-04-25,30.946809768676758,31.137385760245365,30.11120239710335,30.345758754171946,66372400
2024-04-26,31.383865356445312,31.481820125917345,30.946825771680786,31.112599803754,31899100
2024-04-29,31.760622024536133,31.76062202453613,31.13520391109631,31.255766058039992,27886000
2024-04-30,31.662670135498047,31.805836812750492,31.361263276154247,31.647599505087975,36635400
2024-05-02,31.78322982788086,31.93393324581033,31.527034879729342,31.83597559299188,33244700
2024-05-03,31.3789119720459,32.00822022026666,31.03279318571909,32.00822022026666,45114200
2024-05-06,31.591306686401367,31.748634511688735,31.24518787139209,31.36318148977361,22977200
2024-05-07,31.976757049560547,31.976757049560547,31.46544241008529,31.583439019434483,23808600
2024-05-08,32.464481353759766,32.51168061333816,31.709311205182118,31.74077437745495,25352000
2024-05-09,32.77912521362305,32.91285491252515,32.20488121428721,32.299279707904674,27206400
2024-05-10,32.70832443237305,33.10950744887342,32.64539211563211,32.912848460225035,27968700
2024-05-13,32.73979568481445,33.01512013746243,32.653265228290195,32.834194183265694,18394300
2024-05-14,32.149818420410156,32.488072202974784,31.59130747739554,32.063287964296585,53613200
2024-05-15,30.206829071044922,30.52934976942525,29.49885534251311,29.577517756448316,131281100
2024-05-16,29.325796127319336,30.403489865400783,29.294332960392463,30.12816539914349,83168500
2024-05-17,28.861677169799805,29.435921157554795,28.72008243300777,29.380856871111067,67207900
2024-05-20,28.90887451171875,29.294327492217477,28.814479027000466,28.893141430802647,40400400
2024-05-21,28.85381507873535,29.176335789779877,28.76728461954165,28.940345537929055,27967400
2024-05-22,29.247133255004883,29.467390423969842,28.64142303957237,28.712220415422376,36528800
2024-05-23,28.956077575683594,29.6640483056663,28.767283580554288,29.451656186437862,47987800
2024-05-24,28.798748016357422,29.25499539260963,28.76728185226318,29.160599901105478,23684700
2024-05-27,29.113399505615234,29.168466790995478,28.861676204356073,28.885277326884307,13623300
2024-05-28,29.734846115112305,30.120299152134375,29.42805849420637,29.45165661865181,46437700
2024-05-29,29.69551658630371,29.829243300093296,29.451658283725163,29.664050418078293,29246800
2024-05-31,30.51361656188965,30.59227897550366,29.813510878077267,29.83710900200572,53929400
2024-06-03,30.348424911499023,30.623746370982552,30.23829332692676,30.545083954209787,43454500
2024-06-04,30.010169982910156,30.23042714216627,29.656183119263726,30.206829018182752,34090200
2024-06-05,30.049501419067383,30.230427372805075,29.947237879727382,30.096697667394494,18627100
2024-06-06,30.191097259521484,30.45855367925465,30.104566800081507,30.112431841494747,25944100
2024-06-07,29.058338165283203,30.261893509703178,28.995408833981465,30.065234473119776,46003600
2024-06-10,29.498851776123047,29.939369042926703,29.199929237907057,29.254993521160216,32560900
2024-06-11,29.62472152709961,29.892177976393242,29.49885984512491,29.74271816679179,31131300
2024-06-12,28.980100631713867,29.97522935350784,28.810201283516367,29.894325783777607,52182400
2024-06-13,28.6888427734375,29.279447472608794,28.195322974962945,29.04482588644779,46233500
2024-06-14,28.05778694152832,28.721206103207578,27.628992457735812,28.71311698057543,53534900
2024-06-17,28.162965774536133,28.421860922414847,27.726079055138197,27.83934529655093,40941800
2024-06-18,29.044828414916992,29.23899823321373,28.171054973760803,28.227688094620156,36180700
2024-06-19,29.06909942626953,29.22281745921546,28.777841606983632,29.044828970086932,20776200
2024-06-20,29.530258178710938,29.845786470926228,29.287544345181782,29.303725678920237,39442900
2024-06-21,29.683975219726562,29.902418588425338,29.43317227091495,29.57070897364729,43340200
2024-06-24,29.983325958251953,29.983325958251953,29.514076543452177,29.805334375221168,24599400
2024-06-25,29.959049224853516,30.031863675042814,29.740605874285617,29.975230556703746,18572600
2024-06-26,30.007596969604492,30.03186742727549,29.700157798585085,29.77297225787195,25553200
2024-06-27,30.509201049804688,30.71146306114459,30.193672805918187,30.347390823478097,37731000
2024-06-28,30.78428077697754,30.88136568857144,30.509204288900072,30.582018744163925,22019700
2024-07-01,31.253530502319336,31.358704538368475,30.889458222181517,30.99463534450438,24963500
2024-07-02,31.15643882751465,31.633777297094646,31.09980571131646,31.41533704105784,33346200
2024-07-03,30.614377975463867,31.382974231180807,30.549652650813734,31.31015978408608,38509400
2024-07-04,30.193674087524414,30.711464364729036,30.031863854329593,30.662923455162037,32698800
2024-07-05,30.355484008789062,30.46066112222593,30.023774422971375,30.29885089069386,32758800
2024-07-08,31.099803924560547,31.164529245796064,30.169400578848865,30.323118587373443,48845900
2024-07-09,31.091718673706055,31.310162030664063,30.962271101390964,31.107900006029638,34832500
2024-07-10,30.800458908081055,31.196893809144616,30.727644460386664,31.140260692746015,32899700
2024-07-11,31.010814666748047,31.107899573064728,30.832823099939525,30.87327488704868,17229400
2024-07-12,30.86518669128418,31.156441418983118,30.857094481855153,31.091719174919003,15779100
2024-07-15,31.148351669311523,31.33443236087926,30.905637857974195,30.986541432995452,22969200
2024-07-16,31.06744384765625,31.148347411618733,30.83281919138266,31.026988979401875,19637000
2024-07-17,31.2292537689209,31.302068217509365,31.018902632039442,31.09171708062791,24606100
2024-07-18,31.172622680664062,31.27779979908684,31.026993774009025,31.14835222497943,21315500
2024-07-19,31.30206871032715,31.366794037324112,31.059354906635452,31.14835068811955,30593100
2024-07-22,30.679100036621094,31.22116382547799,30.6467404607563,31.22116382547799,25807800
2024-07-23,30.28266716003418,30.7438242772917,30.282667160034183,30.67909895529678,25284700
2024-07-24,30.5253849029541,30.743828263600943,30.33930420750093,30.46875178200199,23863800
2024-07-25,30.48493003845215,30.541563153689577,30.153220469372943,30.387845138941316,19562600
2024-07-26,30.45256996154785,30.849004888135276,30.274578392107752,30.476840416917476,32043200
2024-07-29,29.83769416809082,30.517294681327684,29.465529704306853,30.347392238313336,39790000
2024-07-30,29.651615142822266,29.748700054081667,29.4412609011076,29.538345812367,16040700
2024-07-31,30.266490936279297,30.266490936279297,29.902418654312477,29.97523311070584,28561100
2024-08-01,29.805334091186523,30.60629312091838,29.764882300776055,30.54156778724261,29756300
2024-08-02,28.90729331970215,29.77297469184189,28.90729331970215,29.708252437336828,36483900
2024-08-05,28.88302230834961,28.88302230834961,27.99306740727973,28.154877669862806,44765900
2024-08-06,29.384628295898438,29.65970478786679,28.591761486407,28.802112645548103,36009000
2024-08-07,29.344175338745117,29.73251806143966,29.125731978553134,29.692066273168614,25020500
2024-08-08,29.813419342041016,29.894325998626076,29.255177299834312,29.408895317935855,29870300
2024-08-09,29.53834342956543,29.894326552589558,28.7859315701586,29.230907387665326,66082100
2024-08-12,30.209856033325195,30.59010962611862,29.772969320703844,29.772969320703844,39655100
2024-08-13,30.023773193359375,30.44447854360355,29.91050696180774,30.363571888014285,28557200
2024-08-14,30.54965591430664,30.743828822726382,30.0642282726678,30.088498728867638,37955500
2024-08-15,31.018903732299805,31.196895298779182,30.743827259683275,30.78427904671763,33409000
2024-08-16,31.148351669311523,31.366795025397185,30.76809807690979,30.881364316448973,35472700
2024-08-19,31.099803924560547,31.38297257555616,31.067444350215972,31.229251480758396,28138200
2024-08-20,30.978450775146484,31.293979022879224,30.654830318548424,31.148350126037435,27322600
2024-08-21,30.792369842529297,31.38297454768815,30.69528185457493,31.293978768533336,38491900
2024-08-22,30.88656234741211,31.036335806688516,30.670224669628396,31.019693958534695,26334300
2024-08-23,30.695186614990234,31.227713072668926,30.695186614990234,31.09458145824925,29239000
2024-08-26,32.925140380859375,32.958424074800696,31.377483527773283,31.50229579299936,102270300
2024-08-27,32.4841423034668,32.75872484116732,32.4092555797107,32.658876934195106,35073100
2024-08-28,32.950103759765625,33.1664446106915,32.26780385904489,32.40093546957313,43284500
2024-08-29,32.72544479370117,33.14148144854645,32.68383858893042,32.99170799887353,25356600
2024-08-30,32.75872802734375,32.99171073174957,32.351013849322634,32.633918925016246,84437200
2024-09-02,32.45085906982422,32.783689663260404,32.359330497923885,32.725444785525234,15288400
2024-09-03,32.059783935546875,32.3010859596184,31.93497484227761,32.2761247757861,35866300
2024-09-04,32.06810760498047,32.38429319197393,32.05146575712167,32.234522909460566,28851300
2024-09-05,31.868406295776367,32.35932966266372,31.868406295776364,32.15963385104279,26206600
2024-09-06,31.24435043334961,31.993217640711798,31.17778622275497,31.926650256009555,32971700
2024-09-09,31.585498809814453,31.826800806472843,31.29427445116291,31.4856509117207,30521800
2024-09-10,31.061296463012695,31.552216641539637,30.786710762371246,31.552216641539637,37263500
2024-09-11,31.02801513671875,31.477335495245416,30.67854268871762,31.419087442155355,32907000
2024-09-12,30.678543090820312,31.052976727833556,30.578695178986077,31.02801554340197,22103300
2024-09-13,30.537086486816406,31.244347423554842,30.44555792872165,30.878236365283122,34729600
2024-09-16,30.96144676208496,31.385805923008412,30.919843731865026,30.986411119503117,22614800
2024-09-17,30.819995880126953,30.94480497101196,30.537090830370097,30.928163124072405,23443700
2024-09-18,30.07945442199707,30.72847065272331,30.07945442199707,30.71182880397288,38777000
2024-09-19,30.179302215576172,30.603658247578718,30.112734820849766,30.428923597584028,25059700
2024-09-20,30.170978546142578,30.287471482442495,30.012885750897492,30.17930105721798,48336200
2024-09-23,30.47884750366211,30.75343005686394,30.137697559315647,30.27914850433612,28218500
2024-09-24,30.603656768798828,31.044657802281726,30.553734399274372,30.97809041077188,35104100
2024-09-25,30.82831382751465,31.144502556904126,30.75342710671471,30.869916855935145,38655300
2024-09-26,30.162656784057617,30.720144365184364,29.92967727840557,30.720144365184364,58048200
2024-09-27,30.04616928100586,30.270829467181287,29.896395823555576,30.270829467181287,34537400
2024-09-30,29.96295738220215,30.18761754844021,29.888070660122793,30.087769643703627,21146300
2024-10-01,30.761751174926758,31.21939085894661,29.813188112821816,29.962958387899857,49748200
2024-10-02,31.18610954284668,31.56054319436206,31.077939115940456,31.41076973375591,32014500
2024-10-03,31.568862915039062,31.652072157557974,30.961449728137246,31.152826224768663,31033000
2024-10-04,31.485652923583984,31.785199811113063,31.344198815980736,31.74359678209128,22526800
2024-10-07,31.926651000976562,31.93497351131234,31.535578716102346,31.652068467941803,36418000
2024-10-08,31.28595733642578,31.41076961114638,31.161148235813176,31.17779008404979,34142000
2024-10-09,30.969770431518555,31.21939179628702,30.795032619483553,31.094579526848857,30789800
2024-10-10,31.327560424804688,31.402447147359023,31.052974717402897,31.119542103721276,20630100
2024-10-11,31.30259895324707,31.32756331247143,31.052977579759276,31.285957105133487,16343000
2024-10-14,31.377483367919922,31.535579326281894,31.0779364721896,31.177787553504867,22279000
2024-10-15,31.119543075561523,31.127862412057283,30.836638023088863,30.961447115171993,28204600
2024-10-16,30.96144676208496,31.2693161687495,30.94480491517544,31.244351811331345,23041200
2024-10-17,30.728464126586914,30.961443611396348,30.528765158102093,30.961443611396348,22174300
2024-10-18,30.6452579498291,30.84495374339335,30.29578554993055,30.770067027279907,32000800
2024-10-21,30.162656784057617,30.828314781711832,30.121053754349425,30.786711752003637,28390000
2024-10-22,30.04616928100586,30.204262075377628,29.946321367408316,30.121056009731003,29144300
2024-10-23,29.671737670898438,29.904717209962335,29.59685093704102,29.879756023379247,30769100
2024-10-24,29.87143325805664,29.97960050357629,29.588528204182563,29.829827053048376,23058900
2024-10-25,30.07945442199707,30.362359502538165,29.829829864848737,29.921358445922046,32585900
2024-10-28,30.029523849487305,30.06280754141723,29.405468909285247,29.530281166968685,27507100
2024-10-29,29.96295738220215,30.304107299650834,29.78822275538621,30.229223751679143,26090200
2024-10-30,29.82982635498047,30.26250484925706,29.82982635498047,30.054486525514914,26144700
2024-10-31,29.87975311279297,29.99624287097765,29.646773596423603,29.846469417852244,25597000
2024-11-01,29.4720401763916,30.26251059142121,29.372192250799877,30.12105962800863,30605300
2024-11-04,29.53860092163086,29.913034525881503,29.438753018533223,29.871431497433125,24003600
2024-11-05,29.44707489013672,29.621809529130108,29.147527980943547,29.538603465068842,23990600
2024-11-06,29.45539665222168,29.50531901974621,29.155849750643295,29.164169087194782,28440800
2024-11-07,29.546924591064453,29.863113367038466,29.347228755581554,29.530285916530943,34081200
2024-11-08,30.104412078857422,30.22090183234596,29.571885677705414,29.829826367827824,49865100
2024-11-11,30.162656784057617,30.304107719887018,29.871432401992557,29.94631912511039,21446300
2024-11-12,30.728464126586914,30.87823755942367,30.2375408020903,30.25418264730632,39412300
2024-11-13,30.686866760253906,30.8449595578024,30.39563917642288,30.745111642198513,34090000
2024-11-14,31.01137351989746,31.061299062585423,30.67022358013272,30.720145948712815,30262100
2024-11-18,31.785200119018555,31.868406177868142,30.95312683409193,30.95312683409193,39004100
2024-11-19,31.45237159729004,31.868408267026965,31.327562500833697,31.701992964310616,26002700
2024-11-21,31.543901443481445,31.7269586012561,31.24435452134401,31.593826988540357,36048400
2024-11-22,32.800323486328125,33.14147653991606,32.00985649848549,32.20955228573365,85234900
2024-11-25,32.60063552856445,33.166445685166714,32.57567434269049,32.76705084064301,41119500
2024-11-26,32.55902862548828,32.87521418935028,32.500783749297504,32.75040510070192,35188200
2024-11-27,32.44253921508789,32.75040544592833,32.24284022739469,32.61727384550211,30600700
2024-11-28,32.10970687866211,32.70047812500548,31.934972257761824,32.292764009571485,33113500
2024-11-29,32.367652893066406,32.6339160972225,31.959935576266766,32.0348223008174,44011700
2024-12-02,32.5756721496582,32.783690482225346,32.25948339540594,32.36765381709105,31711800
2024-12-03,32.86689758300781,32.86689758300781,32.51742829683626,32.78369151699781,22536200
2024-12-04,32.658878326416016,33.1664435674991,32.434218145570654,32.86689665970529,31584400
2024-12-05,32.9833869934082,33.12484111304662,32.62559519998552,32.77536865649306,25214200
2024-12-06,32.47582244873047,33.033313254305774,32.417577567058004,32.98338770968309,31118500
2024-12-09,33.31621551513672,33.42438275819913,32.7504054202421,32.7670472670458,28548700
2024-12-10,33.44102478027344,33.640723768856674,33.37446056681752,33.532553351119596,21837600
2024-12-11,33.77385711669922,33.91530806142639,33.24133068507803,33.57415811778732,46900900
2024-12-12,33.169761657714844,33.64559221412114,32.97942811504175,33.498518694983886,38310600
2024-12-13,32.96212387084961,33.50716780989562,32.80639703112218,33.39469769225329,23235400
2024-12-16,32.82369613647461,33.10054308235933,32.72853268030092,33.03998301921429,21349400
2024-12-17,33.135154724121094,33.29953489172864,32.72853756803326,32.82370103841881,39617200
2024-12-18,32.278663635253906,33.221674811687336,32.278663635253906,33.1178547058269,58126400
2024-12-19,32.148887634277344,32.81505174344405,31.993160787964268,32.58146147397444,43268400
2024-12-20,31.88068962097168,32.313263446495185,31.75956947786932,32.14888658089575,59277400
2024-12-23,31.889339447021484,32.05371629458695,31.76821931720735,32.010459576835615,43785600
2024-12-26,32.12907028198242,32.33565880204857,31.97637233368415,32.003321045977785,22920700
2024-12-27,32.03026580810547,32.33565827329856,31.985355856896707,32.33565827329856,24167200
2024-12-30,32.50631332397461,32.66799186888996,32.129065670111586,32.13804628864724,22355600
2025-01-02,33.02728271484375,33.31471051625928,32.50631768327205,32.71290620138886,30046800
2025-01-03,32.676979064941406,33.26979931132815,32.623085069302775,33.126085416034684,23314200
2025-01-06,32.5242805480957,32.95542222634408,32.38955070099842,32.87458294752192,23760200
2025-01-07,33.215904235839844,33.4584220687151,32.605119344096856,32.829672512343265,37753300
2025-01-08,32.94643783569336,33.341650138911696,32.72188468982653,33.22488497007549,24483500
2025-01-09,33.09016036987305,33.20692899567029,32.9644111235114,32.9644111235114,11526600
2025-01-10,33.17997741699219,33.7009424514168,33.14405151142576,33.45842460019255,40328800
2025-01-13,33.2967414855957,33.709918467667144,33.206921594331206,33.50332997663143,22897100
2025-01-14,33.07219314575195,33.35064033146364,32.85662400477042,33.33267566531355,29173100
2025-01-15,33.494354248046875,33.52129953407823,33.05422849321294,33.17099711003169,32512700
2025-01-16,33.278778076171875,33.449440672978746,33.027279630026186,33.42249196345646,26733200
2025-01-17,33.41351318359375,33.59315640918916,33.09913668219939,33.24285057739382,39941100
2025-01-20,33.494354248046875,33.6201034847395,33.33267567903928,33.431479629700554,13912800
2025-01-21,33.50333023071289,33.548240176685724,32.98236868989135,33.3236870204123,23612200
2025-01-22,33.3147087097168,33.79974438320732,33.260814714970245,33.557226546462054,21832200
2025-01-23,33.081172943115234,33.60213448891688,32.964404341342224,33.341652002811415,26725700
2025-01-24,32.9105110168457,33.144048225125076,32.69494189918251,33.12608356091825,16216500
2025-01-27,33.39554977416992,33.50333434301639,32.75781955441463,32.84763945738508,29809700
2025-01-28,33.35063934326172,33.673996471562454,33.12608616265394,33.59315718948727,27621700
2025-01-29,33.144046783447266,33.53027848107057,33.0182941394694,33.413509882010004,18204400
2025-01-30,33.584171295166016,33.69195585653112,33.054225681040876,33.26979823018052,30916000
2025-01-31,33.853633880615234,34.46441876278326,33.45842154420449,33.58417076822566,37044800
2025-02-03,33.68297576904297,33.961422935574475,33.57519120597669,33.916509560088166,24877600
2025-02-04,33.35063934326172,33.54824381223802,33.072192165800615,33.50333386139839,34290300
2025-02-05,33.10811996459961,33.29674380524123,33.00931602147987,33.27877914045496,20539800
2025-02-06,33.04524230957031,33.34165068523866,32.96440303867728,33.09015225419774,17512400
2025-02-07,32.85662078857422,33.26081374495229,32.66799352566715,33.108119237237794,21438700
2025-02-10,33.081172943115234,33.260812728723835,32.982369005184935,33.063208279272516,17483300
2025-02-11,33.081172943115234,33.31470672025198,32.946439677499505,33.24284806488112,16624300
2025-02-12,32.587154388427734,33.00931543741162,32.43445988006044,32.91949554147902,37364500
2025-02-13,32.62308120727539,32.63206525202303,32.353618113801254,32.51529665516756,15351300
2025-02-14,33.629085540771484,33.75483820924421,32.69494684555745,32.73087275299694,40322000
2025-02-17,33.835670471191406,34.06022364424601,33.65603067387532,33.8087251868759,22615200
2025-02-18,34.45543670654297,34.52729193452512,33.87159713204532,33.88058117704887,44062600
2025-02-19,34.52729415893555,34.724902044833435,34.01531320584507,34.23088575649817,32648200
2025-02-20,34.58118438720703,34.64405899379832,34.410525230231976,34.5093257360118,26641200
2025-02-21,34.482383728027344,34.60813295314582,34.284775844892934,34.60813295314582,30115200
2025-02-24,34.239864349365234,34.590166725337454,33.952436583110625,34.581186106696045,27830300
2025-02-25,34.08717346191406,34.52729577660425,33.97938889474233,34.23986797987322,31960900
2025-02-26,34.08717346191406,34.3566365930482,33.907530232354766,34.3566365930482,27420200
2025-02-27,32.88356399536133,33.00033259332808,31.86858279299316,32.659010844260976,129693500
2025-02-28,32.27278518676758,32.8296761462664,32.16500061347325,32.77578557282414,55476800
2025-03-05,31.096120834350586,31.536246538358185,31.033246223265117,31.455407263189823,48552000
2025-03-06,30.772762298583984,31.545225686077853,30.56617381087898,31.266781971801574,47749600
2025-03-07,31.1051082611084,31.374571398827158,30.745821793210258,30.79971579131789,28074700
2025-03-10,31.096120834350586,31.096120834350586,30.539229953418157,31.06019493259412,35037200
2025-03-11,30.62904930114746,31.34762214601003,30.458390135017694,31.21288888099598,28805400
2025-03-12,30.62904930114746,30.898515831175555,30.50330008121929,30.68294329243493,20149100
2025-03-13,30.934444427490234,31.024267754128648,30.575161400165264,30.70091063104948,19263600
2025-03-14,31.886545181274414,32.12007893413706,30.87156405132104,31.078152524425015,41529400
2025-03-17,32.4793701171875,32.70392328542757,31.976369786822346,31.98535383234123,31175900
2025-03-18,32.50631332397461,32.703921195850974,32.25481488806593,32.50631332397461,15086400
2025-03-19,32.4793701171875,32.63206805332365,32.362601510308025,32.57817405943864,21180500
2025-03-20,32.551231384277344,32.76680052427372,32.12008625146519,32.47937272000542,46921900
2025-03-21,33.054222106933594,33.260810588215854,32.49733126928537,32.53326059465856,61175700
2025-03-24,33.009315490722656,33.179974663833974,32.7847623241191,32.96440554268383,20348000
2025-03-25,33.269798278808594,33.70093995130862,32.90153121939756,33.099135677787515,28036100
2025-03-26,33.584171295166016,33.79974384430566,33.3686021724358,33.3686021724358,26870300
2025-03-27,33.835670471191406,34.10513701998453,33.58417201382129,33.620101343848305,28444400
2025-03-28,33.62009811401367,34.0242944719633,33.31470569094164,33.81770598376886,22057700
2025-03-31,33.37758255004883,33.80872421879925,33.30572731846179,33.54824172317627,26049400
2025-04-01,33.50333023071289,34.105134471258474,33.41351033876722,33.50333023071289,19075600
2025-04-02,33.41351318359375,33.50333308318669,33.08117544340843,33.476387798590714,16959200
2025-04-03,32.335655212402344,32.60511832055717,31.985352829160142,32.470388479684416,65896000
2025-04-04,31.033246994018555,31.446423998958974,30.368571538489956,31.20390959384003,87263200
2025-04-07,29.802696228027344,31.033246608502008,29.739821616161368,30.46737167529888,85724900
2025-04-08,28.7428035736084,30.485334806751098,28.635017306397344,30.269765698738183,62128500
2025-04-09,29.91048240661621,30.16198429410418,27.880523199891375,28.123039328330595,106391600
2025-04-10,28.05118179321289,29.658983324672008,28.024236509064135,29.641018659769674,71250600
2025-04-11,28.608076095581055,29.012270800431242,27.64698873843336,28.29370129411657,65329400
2025-04-14,28.500288009643555,29.533233965266735,28.239807222538516,29.281732084163405,56015200
2025-04-15,27.844593048095703,28.626038832610405,27.826628383347153,28.500287892575273,58276900
2025-04-16,27.844593048095703,28.26675239045829,27.709861488891022,28.105075547335513,73227700
2025-04-17,28.395126342773438,28.698866680240904,28.036159212622962,28.229449475868954,65752700
2025-04-22,28.459556579589844,28.76329692489383,27.916505393202062,28.34910474694643,41683900
2025-04-23,28.137407302856445,29.251123072683562,28.07297779863639,28.855339826106295,71566500
2025-04-24,28.008548736572266,28.385923057737685,27.66799052315422,28.358309660247894,61589200
2025-04-25,28.091384887695312,28.28467338767908,27.796849027393073,27.92570802738225,35581500
2025-04-28,27.980934143066406,28.33069680736414,27.842870672663523,28.128202078905787,27362000
2025-04-29,28.128204345703125,28.35831073344252,27.750830010256315,27.888893491785467,33041100
2025-04-30,27.603561401367188,28.14661260387037,27.57594800349381,27.990140193732632,52798300
2025-05-02,28.35831069946289,28.35831069946289,27.585153097139155,27.79685230784077,33146600
2025-05-05,27.299819946289062,28.18342933131294,27.299819946289062,28.137407003379646,59011700
2025-05-06,27.75082778930664,27.971729693188585,27.5759464570605,27.714011683112457,52751300
2025-05-07,27.879688262939453,27.888890972714066,27.52072113670056,27.888890972714066,35050400
2025-05-08,28.266263961791992,28.560801572500928,28.02695489617251,28.155813893901797,44665000
2025-05-09,28.45035171508789,28.698867018372642,28.20183641180314,28.625233049500007,25075600
2025-05-12,29.131467819213867,29.61008776297477,29.131467819213867,29.36157420286575,53493600
2025-05-13,29.573272705078125,29.68372278347753,28.855340173192626,29.241918958735226,56165300
2025-05-14,29.370777130126953,29.56406563959328,29.177488620660622,29.453615564347462,28060100
2025-05-15,29.333961486816406,29.536454465013076,29.07624171455238,29.177489081436878,32468300
2025-05-16,29.47202491760254,29.600883925759344,29.140671175973818,29.306348046788177,48111800
2025-05-19,29.43520736694336,29.545657444942105,29.177489347898067,29.306348357420713,30200500
2025-05-20,29.55486297607422,29.830989920194952,29.407595038466855,29.499636182792234,33485800
2025-05-21,29.223508834838867,29.812580577128085,29.16828379789232,29.646903710716174,28724100
2025-05-22,28.836931228637695,29.131467111666815,28.726479394715604,29.12226264587561,42207300
2025-05-23,28.90135955810547,28.90135955810547,28.413535180019284,28.61602815247277,25732400
2025-05-26,28.809316635131836,29.02101582839529,28.66204869973168,28.956584570531987,21277100
2025-05-27,29.021015167236328,29.149874168882718,28.864542769991896,29.011810702036982,34361500
2025-05-28,28.928974151611328,29.195896637457228,28.928974151611328,29.14987606404073,30516200
2025-05-29,28.754091262817383,28.993402093944006,28.579209933230192,28.97499316334067,20778800
2025-05-30,28.441144943237305,28.781703118890025,28.441144943237305,28.671251296751475,45127700
2025-06-02,28.60682487487793,29.13146713641581,28.542395369857115,29.122262670616788,35111000
2025-06-03,28.615514755249023,28.729293124077394,27.866466291818224,28.331065216228964,59828700
2025-06-04,27.828542709350586,28.87152080809565,27.752689855358653,28.67240593607015,41952900
2025-06-05,27.838024139404297,28.10350822029774,27.69579845781176,27.97076617985102,23774000
2025-06-06,28.131954193115234,28.283659901464702,27.83802460924748,27.92335929625339,28069300
2025-06-09,27.657873153686523,27.942320902165154,27.36394357246198,27.705280508941403,43834800
2025-06-10,28.492252349853516,28.65343987718256,27.828540384979163,27.885429568602785,46241800
2025-06-11,29.44041633605957,29.544714688573062,28.729295151048714,28.729295151048714,52432400
2025-06-12,30.104129791259766,30.255835497498378,29.13700455763262,29.203375578052675,51729500
2025-06-13,30.84369468688965,31.450517512431077,30.50235594328526,31.39363013312991,74902600
2025-06-16,30.540283203125,31.222960688746827,30.407541162465055,30.843694615190405,45972200
2025-06-17,31.232439041137695,31.374664715345585,30.691987266266352,30.701470906919756,57633400
2025-06-18,31.203996658325195,31.488444401690153,30.80577054100412,31.251404012727807,49342900
2025-06-20,31.118661880493164,31.441036953195166,30.938512487522654,31.033327196044127,85062700
2025-06-23,30.341169357299805,31.611705968814704,30.161018157867943,31.56429861508377,54592400
2025-06-24,29.74382781982422,30.189463085296314,29.525749294744642,29.667974970201847,48728300
2025-06-25,29.592121124267578,29.90501617208124,29.592121124267578,29.6964194735388,23127700
2025-06-26,29.829160690307617,29.96190453348968,29.686936823338954,29.72486415238371,17227000
2025-06-27,29.592121124267578,29.819681487854723,29.525750105085763,29.76279049272062,16482100
2025-06-30,29.753307342529297,29.85760568718151,29.487823277559375,29.592119813737035,23091100
2025-07-01,29.857606887817383,29.933459739212495,29.63953016611576,29.81968136635714,17014100
2025-07-02,30.38857650756836,30.568729514268654,29.848124721365913,29.942941236667572,28311600
2025-07-03,30.492876052856445,30.710952780682998,30.284281157779915,30.34117034580539,14322300
2025-07-04,30.45494842529297,30.63510143731449,30.312724552376885,30.341170050349966,9356900
2025-07-07,30.398061752319336,30.587691175978883,30.24635423474735,30.454949132637438,17938800
2025-07-08,30.83421516418457,30.900586185748377,30.369614396288526,30.4075417277391,28778300
2025-07-09,30.644580841064453,30.938512222078014,30.39806043085414,30.881621227283674,22338900
2025-07-10,30.5687313079834,30.748880708305297,30.07568503778885,30.350650958976058,23102800
2025-07-11,30.938512802124023,31.00488382215381,30.483395686084343,30.530803040827145,23946700
2025-07-14,30.530803680419922,31.071255493098356,30.454949017682896,30.938513450257954,24106300
2025-07-15,30.29376220703125,30.70147196236421,30.16101836043877,30.568729924246366,18688300
2025-07-16,30.142057418823242,30.293763126555486,29.838644194884065,30.24635396259248,27588900
2025-07-17,29.838642120361328,30.123091658939032,29.77227110390223,30.123091658939032,27497600
2025-07-18,29.383527755737305,29.96190691022786,29.013745310590743,29.772273866910545,57635000
2025-07-21,29.44041633605957,29.658494873903667,29.17493225107932,29.288710627935227,16412000
2025-07-22,29.724864959716797,29.942941682223395,29.383526222941505,29.440415409579174,24557100
2025-07-23,30.331687927246094,30.369613449039043,29.677455947927225,29.72486511076172,27418600
2025-07-24,30.28428077697754,30.36013362954927,30.009313056108343,30.27479894434674,17856300
2025-07-25,30.322206497192383,30.51183953409836,30.25583547681769,30.331688329885147,13341000
2025-07-28,30.36013412475586,30.74888022658619,30.037759043949045,30.492876166802894,27972800
2025-07-29,30.758359909057617,30.910065614989556,30.331688289302043,30.521319517479633,33284000
2025-07-30,31.07125473022461,31.12814572588057,30.597173950606198,30.625617639959525,27110400
2025-07-31,30.947994232177734,31.05229258751949,30.739397521494226,30.76784482919165,23544900
2025-08-01,30.540283203125,31.20399702337407,30.37909747288059,31.09969867229859,24191800
2025-08-04,30.492876052856445,30.597174404632046,30.30324301480529,30.54028340813189,15215600
2025-08-05,30.635101318359375,30.729916027618827,30.369613621924152,30.464431948132916,20635500
2025-08-06,30.673025131225586,31.23244059834631,30.52131942574959,30.91006552209116,32854600
2025-08-07,30.84369468688965,31.147106099660363,30.748879976754807,30.947993038207585,21111400
2025-08-08,28.947372436523438,30.3885766013529,28.947372436523438,29.867088478296303,107235300
2025-08-11,29.127521514892578,29.42145289093447,28.994779479566947,29.118039682587234,28045800
2025-08-12,29.2033748626709,29.649011946245587,29.061150992615527,29.19389483867855,37973300
2025-08-13,28.98529815673828,29.260265873002613,28.83359245413542,29.20337487817057,38340700
2025-08-14,28.615514755249023,29.137002864073946,28.46380905782815,29.137002864073946,43087500
2025-08-15,28.606033325195312,28.653440678127744,28.19832357946788,28.539662307700073,55416100
2025-08-18,28.786184310913086,28.966333697517523,28.463809249603088,28.681885965055564,31498100
2025-08-19,28.482772827148438,28.66292221320338,28.302621632618923,28.634478525128692,39294300
2025-08-20,28.653440475463867,28.786184317990053,28.539662105840943,28.558625770269625,23706600
2025-08-21,28.71981430053711,28.852556339208707,28.454328414719274,28.65344147272667,23327000
2025-08-22,29.5458984375,29.5458984375,28.896218271651687,28.98348887971356,49813600
2025-08-25,29.720439910888672,29.846498278959068,29.49741584368986,29.54589869325407,21075300
2025-08-26,29.507112503051758,29.652562899864105,29.31317740763387,29.555595352155162,21789700
2025-08-27,29.73013687133789,29.749530750977897,29.439236074746404,29.52650668362428,16349100
2025-08-28,29.9919490814209,30.185882331793955,29.7786201016577,29.84649868126556,25802500
2025-08-29,30.15679359436035,30.399211546325464,29.914375642395242,29.99194931304399,27713400
2025-09-01,30.22467041015625,30.418605512075683,30.10830897910415,30.253761230294828,9889700
2025-09-02,30.37981605529785,30.486480540346967,30.059824449652602,30.059824449652602,19812000
2025-09-03,30.118005752563477,30.399211463841045,29.98225229167207,30.176187392518816,29788800
2025-09-04,30.118005752563477,30.370120643863377,29.991949231664623,30.05982596211033,24816500
2025-09-05,29.662260055541992,30.14709594811443,29.27439171138447,30.137399008322724,46121900
2025-09-08,29.77861976623535,30.0307346534325,29.584686518046734,29.89498119475025,18164200
2025-09-09,30.011343002319336,30.2052762529574,29.875587692420286,29.92407239220644,31283900
2025-09-10,30.554357528686523,30.58344834744928,29.982251039533708,30.021036948381937,35949600
2025-09-11,30.43799591064453,30.52526651687879,30.32163633533359,30.350725304410272,17607900
2025-09-12,30.23436737060547,30.738597156334496,30.214973490499997,30.49617920352272,19318400
2025-09-15,30.496177673339844,30.59314336999742,30.118004428267273,30.350725429349257,21978400
2025-09-16,30.57375144958496,30.719201844593027,30.389513296173618,30.641628177288585,19154700
2025-09-17,30.75798797607422,30.82586655377116,30.505873093134824,30.583448610502757,29148100
2025-09-18,30.45738983154297,30.85495510515543,30.24406271017841,30.80647225695961,25702900
2025-09-19,30.118005752563477,30.49617901426442,29.97255535167951,30.476785134279307,48871300
2025-09-22,30.418603897094727,30.515569593404148,29.90467719894511,30.05982453244271,22016100
2025-09-23,30.93252944946289,31.11676760574603,30.505873347886933,30.534964167142846,39895300
2025-09-24,31.630693435668945,31.640392225220364,31.087679588930648,31.18464529041837,36414400
2025-09-25,31.37858009338379,31.805234354470244,31.26222051290646,31.70826865390653,29556300
2025-09-26,31.271915435791016,31.74705624361766,31.174949735746893,31.504638294503,27819700
2025-09-29,30.845258712768555,31.553120515697923,30.767685044577927,31.28160990277752,35720000
2025-09-30,30.50587272644043,30.932528819324816,30.214971937815957,30.728898637188106,48611500
2025-10-01,30.428298950195312,30.593143223024217,30.35072528354066,30.496177526832476,24817000
2025-10-02,30.137399673461914,30.457391295641923,30.07921988292978,30.42830047562476,25497100
2025-10-03,30.059825897216797,30.3798175182716,30.059825897216797,30.214973237758386,19756800
2025-10-06,29.78831672668457,30.282849561586346,29.768924696503802,30.253760591564113,21245400
2025-10-07,29.894981384277344,29.924072203966038,29.429539366271275,29.78831689492097,29068800
2025-10-08,29.720439910888672,30.137399075348636,29.57498951269389,30.137399075348636,17687400
2025-10-09,29.29378318786621,29.904677436683894,29.274391158151428,29.730136222735986,22879700
2025-10-10,29.031972885131836,29.245300005576937,28.964096158149403,29.18712021809229,50214400
2025-10-13,29.31317710876465,29.351964867253614,29.061062227092748,29.23560344128884,13890500
2025-10-14,29.109546661376953,29.536200903875958,28.97379135739808,29.04166993413857,28138200
2025-10-15,28.847736358642578,29.254998592979973,28.770162687792702,29.13863716195406,40261000
2025-10-16,28.556835174560547,28.905915763979323,28.518047414901698,28.83803903407851,28660900
2025-10-17,28.82834243774414,29.04167141940595,28.42108020398328,28.605318365554243,36238600
2025-10-20,28.847736358642578,28.993186760298318,28.585924525960923,28.799253507924732,31442800
2025-10-21,28.615015029907227,29.080457049863508,28.57622727015978,29.051366230052924,25509900
2025-10-22,28.944704055786133,29.119245278455544,28.721679982153976,28.857433444451424,27088800
2025-10-23,29.274391174316406,29.788316027333348,29.19681750690807,29.594382783563564,40060800
2025-10-24,28.935007095336914,29.526507494077748,28.905916275078408,29.381055242287424,24370300
2025-10-27,29.090152740478516,29.245300073800898,28.78955501335416,29.245300073800898,24771400
2025-10-28,29.080455780029297,29.42953820450448,28.857431719726637,28.9931851739105,25324800
2025-10-29,29.109546661376953,29.245300115853716,28.896217690625345,29.177423388615335,24854900
2025-10-30,28.983489990234375,29.24530182445148,28.857433467927365,29.012580810537013,22657200
2025-10-31,28.847736358642578,29.177424922130097,28.653801256766787,29.090154311236212,29516300
2025-11-03,29.18712043762207,29.545897954228362,28.89621779900663,28.973791466070328,54977300
2025-11-04,29.332571029663086,29.342267969299098,29.002882480047198,29.090153087269176,35035200
2025-11-05,29.91437530517578,30.01134285476917,29.293784097479417,29.33257185711764,40375900
2025-11-06,30.069522857666016,30.331334688571562,29.962858367407712,30.040432037731335,43435700
2025-11-07,31.204038619995117,31.204038619995117,29.914375208238116,30.273152736218197,97315600
2025-11-10,31.37858009338379,31.56281640405659,30.96162092275196,31.320398453642937,41064200
2025-11-11,32.1931037902832,32.425822945711765,31.465849956311462,31.553120564348244,68221300
2025-11-12,31.368881225585938,32.25128241492779,31.107073094916863,32.25128241492779,67646400
2025-11-13,31.504638671875,31.94098802630463,31.339792541020195,31.378580301104193,38517200
2025-11-14,31.708267211914062,32.16401042264299,31.591907636728404,31.611297816755844,27371300
2025-11-17,31.882808685302734,32.07674377820322,31.737356440876308,31.7664454101599,63708200
2025-11-18,31.989473342895508,32.164010858537274,31.67917497318817,31.70826764163201,26520500
2025-11-19,31.824626922607422,31.979774256516983,31.553120013016752,31.805233043493203,48719300
2025-11-21,31.582210540771484,31.747056671875438,31.378580348529308,31.57251545023803,40869300
2025-11-24,31.55312156677246,31.756751758992735,31.37858034515383,31.572515446841688,38665600
2025-11-25,31.30100440979004,31.456151749282014,31.116768100082176,31.368881139630005,28431100
2025-11-26,31.252521514892578,31.427062733946006,31.126463145797473,31.397973763771883,25042100
2025-11-27,31.417367935180664,31.417367935180664,31.223432834542884,31.301004655395367,16087400
2025-11-28,30.82586669921875,31.33009646747668,30.34103081039431,31.291308708609694,60420500
2025-12-01,30.88404655456543,31.1943393786592,30.61253779041793,30.981014102439687,29489100
2025-12-02,31.097373962402344,31.097373962402344,30.48648154940614,30.96162050384811,25574100
2025-12-03,31.330097198486328,31.51433350889677,31.174949858402705,31.174949858402705,36630000
2025-12-04,31.533727645874023,31.756751717874753,31.465850915221818,31.504638675310048,33009700
2025-12-05,30.418603897094727,31.911897444384657,30.418603897094727,31.514332171109295,74495100
2025-12-08,30.69980812072754,31.019799731165236,30.534963845683748,30.6125375133807,30271600
2025-12-09,30.89374351501465,30.93252942448907,30.37981680558803,30.651325569917553,23863000
2025-12-10,30.971317291259766,31.01980014064707,30.583448947654883,30.91313565259242,22123700
2025-12-11,30.45738983154297,30.932528771970006,30.302242497913817,30.913134892890834,64927900
2025-12-12,30.63193130493164,30.757987821014787,30.38951336288533,30.45739009073796,39659900
2025-12-15,30.738595962524414,30.932529207540632,30.631931475589106,30.719202083172153,31898900
2025-12-16,29.807710647583008,30.57375225059855,29.68165412847398,30.57375225059855,52661900
2025-12-17,30.137399673461914,30.137399673461914,29.885284781819752,29.924072541842637,39337100
2025-12-18,29.962858200073242,30.33133451917925,29.894981470106917,30.253760849288856,34311000
2025-12-19,30.069522857666016,30.29254692865866,30.03073509775311,30.127702648033186,45807700
2025-12-22,30.15679359436035,30.573752767660697,30.15679359436035,30.30224399563898,35896900
2025-12-23,30.309999465942383,30.56999969482422,30.200000762939453,30.549999237060547,35703900
2025-12-26,30.40999984741211,30.43000030517578,30.1200008392334,30.309999465942383,20178600
2025-12-29,30.729999542236328,30.809999465942383,30.520000457763672,30.559999465942383,20588100
2025-12-30,30.81999969482422,30.959999084472656,30.649999618530273,30.799999237060547,16880600
2026-01-02,30.709999084472656,30.959999084472656,30.360000610351562,30.959999084472656,21625200
2026-01-05,30.200000762939453,30.770000457763672,29.729999542236328,30.700000762939453,48211400
2026-01-06,29.639999389648438,30.43000030517578,29.6200008392334,30.3700008392334,38095000
2026-01-07,29.829999923706055,29.829999923706055,29.530000686645508,29.670000076293945,28132900
2026-01-08,30.200000762939453,30.34000015258789,29.790000915527344,29.90999984741211,34125800
2026-01-09,30.299999237060547,30.739999771118164,30.139999389648438,30.170000076293945,27982800
2026-01-12,30.360000610351562,30.56999969482422,30.209999084472656,30.299999237060547,18947400
2026-01-13,31.139999389648438,31.31999969482422,30.360000610351562,30.360000610351562,54097100
2026-01-14,31.989999771118164,32.529998779296875,31.200000762939453,31.350000381469727,82309300
2026-01-15,31.790000915527344,31.93000030517578,31.440000534057617,31.5,26456600
2026-01-16,32.040000915527344,32.20000076293945,31.8799991607666,31.950000762939453,70947300
2026-01-19,32.16999816894531,32.209999084472656,31.90999984741211,31.959999084472656,12852900
2026-01-20,32.290000915527344,32.52000045776367,31.940000534057617,32.16999816894531,26300000
2026-01-21,33.43000030517578,33.54999923706055,32.43000030517578,32.5,93270900
2026-01-22,33.58000183105469,34.130001068115234,33.2599983215332,33.380001068115234,71516300
2026-01-23,35.040000915527344,35.47999954223633,33.880001068115234,33.95000076293945,68642600
2026-01-26,35.36000061035156,35.70000076293945,35.040000915527344,35.369998931884766,39869600
2026-01-27,36.130001068115234,36.45000076293945,35.369998931884766,35.5099983215332,47268200
2026-01-28,37.34000015258789,37.439998626708984,36.5,36.54999923706055,46054700
2026-01-29,37.70000076293945,38.58000183105469,37.56999969482422,38.0,58722800
2026-01-30,37.7599983215332,37.97999954223633,37.02000045776367,37.22999954223633,45794700
2026-02-02,37.2400016784668,37.2400016784668,36.619998931884766,36.779998779296875,38505600
2026-02-03,37.58000183105469,38.31999969482422,37.13999938964844,37.5099983215332,57152800
2026-02-04,37.52000045776367,37.68000030517578,36.970001220703125,37.45000076293945,37955800
2026-02-05,37.0,37.61000061035156,36.900001525878906,37.400001525878906,35933100
2026-02-06,36.650001525878906,37.27000045776367,36.45000076293945,37.209999084472656,27681100
